"year", "month", "day", "hour", "minute", "track_id", "start_time", "start_x", "start_y", "duration", "length", "category", "max_surface_wind", "min_sea_level_pressure", "region_id", "region_name", "region_long_name"
1990, 1, 1, 3, 0, 0, 4015.12, 277.37, 14.9914, 3.5, 98067.8, 1, 35.4771, 98448.2, 4, "NA", "N Atlantic"
1990, 1, 5, 3, 0, 1, 4019.12, 86.1309, 7.10148, 3.875, 44920.1, 0, 31.3495, 99211.3, 3, "NI", "N Indian"
1990, 1, 13, 12, 0, 2, 4027.5, 70.6193, 6.45132, 5.625, 114563, 0, 32.0897, 98715.2, 3, "NI", "N Indian"
1990, 1, 19, 3, 0, 3, 4033.12, 179.694, -13.7247, 5.25, 115911, 1, 36.6404, 98577.2, 1, "SWP", "SW Pacific"
1990, 1, 19, 9, 0, 4, 4033.38, 159.696, -14.0408, 13.75, 303569, 3, 54.0837, 95078.1, 1, "SWP", "SW Pacific"
1990, 1, 23, 15, 0, 5, 4037.62, 111.818, -14.3889, 18.375, 428040, 3, 51.4679, 95792.2, 0, "SI", "S Indian"
1990, 1, 28, 18, 0, 6, 4042.75, 118.669, -15.0495, 12.75, 170686, 0, 31.6168, 98169.3, 0, "SI", "S Indian"
1990, 2, 7, 6, 0, 7, 4052.25, 89.2121, 3.99045, 8.625, 186377, 1, 35.1364, 99021.2, 3, "NI", "N Indian"
1990, 2, 14, 21, 0, 8, 4059.88, 158.736, -14.1931, 6, 163946, 1, 41.6012, 96441.8, 1, "SWP", "SW Pacific"
1990, 2, 21, 9, 0, 9, 4066.38, 139.711, -12.7469, 13.375, 228430, 0, 31.9952, 98316.5, 1, "SWP", "SW Pacific"
1990, 2, 24, 21, 0, 10, 4069.88, 83.4918, -9.99735, 11, 207917, 0, 23.6243, 99853.5, 0, "SI", "S Indian"
1990, 3, 3, 15, 0, 11, 4076.62, 150.532, -19.7695, 7.875, 102466, 1, 37.3302, 97789.2, 1, "SWP", "SW Pacific"
1990, 3, 19, 21, 0, 12, 4092.88, 125.311, -16.3056, 5.75, 71576.9, 1, 39.7326, 98105.9, 0, "SI", "S Indian"
1990, 3, 26, 12, 0, 13, 4099.5, 165.271, 7.91317, 12.25, 275476, 4, 62.9976, 95620.3, 2, "NWP", "NW Pacific"
1990, 4, 8, 15, 0, 14, 4112.62, 105.296, -11.0359, 11.125, 157750, 3, 55.7997, 95753.9, 0, "SI", "S Indian"
1990, 4, 10, 15, 0, 15, 4114.62, 131.902, -10.3874, 5, 62363.2, 1, 37.7086, 98837.3, 0, "SI", "S Indian"
1990, 4, 22, 6, 0, 16, 4126.25, 326.504, -25.1556, 4.875, 81338, 1, 39.0297, 98621.9, 7, "SA", "S Atlantic"
1990, 4, 25, 15, 0, 17, 4129.62, 74.6862, 11.3533, 11.5, 147835, 1, 39.2644, 98169.9, 3, "NI", "N Indian"
1990, 4, 30, 18, 0, 18, 4134.75, 204.003, 4.30611, 4.875, 130868, 0, 27.7081, 100077, 5, "NEP", "NE Pacific"
1990, 5, 3, 12, 0, 19, 4137.5, 25.4696, -34.1844, 7.5, 183388, 0, 31.3464, 99095.5, 0, "SI", "S Indian"
1990, 5, 14, 3, 0, 20, 4148.12, 239.729, 7.81665, 4.375, 83413.5, 0, 22.4822, 100180, 5, "NEP", "NE Pacific"
1990, 5, 15, 6, 0, 21, 4149.25, 93.1705, 16.2314, 3.25, 44298.1, 0, 28.1887, 98699.2, 3, "NI", "N Indian"
1990, 5, 20, 6, 0, 22, 4154.25, 261.925, 8.0479, 6.75, 95259, 0, 24.6092, 99963.9, 5, "NEP", "NE Pacific"
1990, 5, 30, 3, 0, 23, 4164.12, 246.657, 11.5793, 6.625, 115660, 1, 38.7455, 98274.7, 5, "NEP", "NE Pacific"
1990, 5, 30, 6, 0, 24, 4164.25, 257.442, 15.8913, 19.375, 220578, 2, 44.8257, 97349, 5, "NEP", "NE Pacific"
1990, 6, 20, 18, 0, 25, 4185.75, 97.0593, -10.0679, 5.75, 50210.9, 0, 30.3841, 99095.2, 0, "SI", "S Indian"
1990, 6, 24, 15, 0, 26, 4189.62, 61.8582, 21.9611, 7.875, 119533, 0, 25.7041, 98478.1, 3, "NI", "N Indian"
1990, 6, 26, 21, 0, 27, 4191.88, 135.283, 16.5795, 5.125, 132578, 0, 28.0596, 99494.8, 2, "NWP", "NW Pacific"
1990, 7, 7, 12, 0, 28, 4202.5, 79.3293, -9.41587, 7.625, 91938.7, 0, 31.8708, 99696.8, 0, "SI", "S Indian"
1990, 7, 9, 3, 0, 29, 4204.12, 91.9412, -7.22459, 13.5, 195596, 1, 39.6645, 97946.6, 0, "SI", "S Indian"
1990, 7, 10, 0, 0, 30, 4205, 167.477, 29.7601, 6.875, 158974, 0, 27.0797, 100275, 2, "NWP", "NW Pacific"
1990, 7, 10, 12, 0, 31, 4205.5, 74.2456, 23.5746, 5.875, 113397, 3, 52.9412, 95770.4, 3, "NI", "N Indian"
1990, 7, 11, 18, 0, 32, 4206.75, 274.979, 9.29228, 8.375, 152011, 0, 27.6215, 99900.3, 5, "NEP", "NE Pacific"
1990, 7, 14, 18, 0, 33, 4209.75, 169.811, 9.29733, 12.625, 284448, 0, 27.6293, 99501.1, 2, "NWP", "NW Pacific"
1990, 7, 19, 15, 0, 34, 4214.62, 173.867, -12.0478, 5.625, 103749, 0, 24.8044, 100296, 1, "SWP", "SW Pacific"
1990, 7, 20, 3, 0, 35, 4215.12, 238.478, 12.8825, 4.75, 85628.3, 1, 36.4909, 98596.8, 5, "NEP", "NE Pacific"
1990, 7, 22, 12, 0, 36, 4217.5, 259.129, 8.26696, 10.625, 182366, 3, 51.6916, 96047.3, 5, "NEP", "NE Pacific"
1990, 7, 23, 15, 0, 37, 4218.62, 323.869, 12.3263, 8.625, 171560, 3, 49.5814, 96314.8, 4, "NA", "N Atlantic"
1990, 7, 29, 6, 0, 38, 4224.25, 78.01, -6.6902, 10.875, 243632, 1, 33.2792, 99542.2, 0, "SI", "S Indian"
1990, 8, 3, 12, 0, 39, 4229.5, 284.936, 18.4045, 9.5, 255690, 4, 63.5287, 95419.5, 4, "NA", "N Atlantic"
1990, 8, 6, 6, 0, 40, 4232.25, 257.651, 13.2373, 10.125, 158746, 1, 37.2328, 98440.8, 5, "NEP", "NE Pacific"
1990, 8, 8, 3, 0, 41, 4234.12, 311.565, 17.1329, 9.25, 287113, 4, 67.9869, 92619.1, 4, "NA", "N Atlantic"
1990, 8, 10, 15, 0, 42, 4236.62, 149.252, 21.8076, 10.75, 247969, 4, 64.1824, 93593.5, 2, "NWP", "NW Pacific"
1990, 8, 11, 6, 0, 43, 4237.25, 85.7375, -5.54391, 11.875, 272351, 0, 31.119, 99216.4, 0, "SI", "S Indian"
1990, 8, 14, 6, 0, 44, 4240.25, 306.078, 14.4278, 6.25, 230234, 4, 66.6584, 93071.6, 4, "NA", "N Atlantic"
1990, 8, 15, 18, 0, 45, 4241.75, 253.933, 17.5356, 21.75, 458466, 3, 55.6331, 95946.5, 5, "NEP", "NE Pacific"
1990, 8, 16, 15, 0, 46, 4242.62, 89.7042, -6.24712, 10.75, 197332, 1, 35.0438, 99262.7, 0, "SI", "S Indian"
1990, 8, 23, 9, 0, 47, 4249.38, 85.4292, -7.68167, 11.25, 159028, 1, 38.7295, 98477.5, 0, "SI", "S Indian"
1990, 8, 24, 3, 0, 48, 4250.12, 132.749, 23.4332, 8.75, 196812, 4, 68.5993, 91213.9, 2, "NWP", "NW Pacific"
1990, 8, 24, 12, 0, 49, 4250.5, 258.791, 14.8467, 8.125, 120731, 1, 42.4101, 97160.9, 5, "NEP", "NE Pacific"
1990, 8, 24, 18, 0, 50, 4250.75, 146.224, 18.9098, 9.875, 224497, 3, 53.5958, 96419.7, 2, "NWP", "NW Pacific"
1990, 8, 25, 18, 0, 51, 4251.75, 296.461, 18.5539, 7.25, 245922, 5, 71.6566, 91867.3, 4, "NA", "N Atlantic"
1990, 8, 26, 18, 0, 52, 4252.75, 99.8949, -7.9088, 4.5, 111178, 0, 26.5585, 100041, 0, "SI", "S Indian"
1990, 8, 30, 15, 0, 53, 4256.62, 215.043, 11.0097, 23.625, 548332, 4, 58.1571, 93916, 5, "NEP", "NE Pacific"
1990, 9, 1, 6, 0, 54, 4258.25, 298.717, 19.0418, 12.875, 331598, 3, 55.3299, 94840.9, 4, "NA", "N Atlantic"
1990, 9, 2, 0, 0, 55, 4259, 350.329, 19.4592, 13, 323788, 1, 33.3204, 99263.8, 4, "NA", "N Atlantic"
1990, 9, 3, 15, 0, 56, 4260.62, 307.952, 16.4017, 8.125, 224330, 4, 65.1024, 92225.7, 4, "NA", "N Atlantic"
1990, 9, 4, 15, 0, 57, 4261.62, 246.24, 12.0634, 20.5, 454532, 2, 45.5813, 96929.1, 5, "NEP", "NE Pacific"
1990, 9, 6, 9, 0, 58, 4263.38, 133.081, 22.868, 4.875, 81644.2, 0, 25, 99756.6, 2, "NWP", "NW Pacific"
1990, 9, 14, 12, 0, 59, 4271.5, 80.2738, -8.96105, 8.75, 161851, 0, 29.9607, 99167.9, 0, "SI", "S Indian"
1990, 9, 14, 12, 0, 60, 4271.5, 264.94, 13.6318, 3.375, 89402.4, 1, 40.6211, 98264.3, 5, "NEP", "NE Pacific"
1990, 9, 14, 15, 0, 61, 4271.62, 320.625, 11.8514, 15.125, 356254, 3, 52.2465, 95530.6, 4, "NA", "N Atlantic"
1990, 9, 15, 15, 0, 62, 4272.62, 325.795, 36.5035, 7.625, 123893, 2, 43.9522, 97173.5, 4, "NA", "N Atlantic"
1990, 9, 19, 15, 0, 63, 4276.62, 343.922, 15.3837, 12.75, 429534, 3, 55.4835, 94944.1, 4, "NA", "N Atlantic"
1990, 9, 21, 0, 0, 64, 4278, 206.991, 8.74622, 7.125, 65100.2, 0, 25.5745, 99898.3, 5, "NEP", "NE Pacific"
1990, 9, 23, 15, 0, 65, 4280.62, 343.433, 12.8576, 12.5, 290635, 3, 56.9538, 93998.2, 4, "NA", "N Atlantic"
1990, 9, 27, 0, 0, 66, 4284, 173.159, 29.2096, 7.875, 233708, 2, 44.8161, 97370.9, 2, "NWP", "NW Pacific"
1990, 10, 3, 21, 0, 67, 4290.88, 330.022, 8.53607, 19.125, 309418, 4, 59.7667, 94085.4, 4, "NA", "N Atlantic"
1990, 10, 5, 3, 0, 68, 4292.12, 194.109, 27.8323, 7.875, 236315, 0, 31.6727, 99666.3, 5, "NEP", "NE Pacific"
1990, 10, 5, 21, 0, 69, 4292.88, 74.1495, -7.38277, 5.125, 62928.7, 0, 27.314, 99666.2, 0, "SI", "S Indian"
1990, 10, 11, 3, 0, 70, 4298.12, 255.792, 10.7828, 6, 74447.8, 2, 48.1608, 96755.8, 5, "NEP", "NE Pacific"
1990, 10, 14, 6, 0, 71, 4301.25, 288.497, 24.3254, 6, 225253, 2, 46.5696, 95785.3, 4, "NA", "N Atlantic"
1990, 10, 17, 3, 0, 72, 4304.12, 209.148, 10.659, 6.25, 48919, 0, 26.9419, 99627.8, 5, "NEP", "NE Pacific"
1990, 10, 21, 0, 0, 73, 4308, 169.689, 15.5153, 8.25, 159416, 0, 32.0233, 99093, 2, "NWP", "NW Pacific"
1990, 10, 25, 9, 0, 74, 4312.38, 258.399, 13.276, 4.75, 46909.2, 1, 39.9242, 98042.9, 5, "NEP", "NE Pacific"
1990, 11, 2, 0, 0, 75, 4320, 204.997, 8.57631, 15, 280041, 1, 36.9935, 98247.1, 5, "NEP", "NE Pacific"
1990, 11, 2, 9, 0, 76, 4320.38, 219.76, 9.03464, 6.625, 116279, 0, 26.5551, 100005, 5, "NEP", "NE Pacific"
1990, 11, 6, 18, 0, 77, 4324.75, 257.808, 11.1243, 15, 224031, 3, 56.4566, 94976.9, 5, "NEP", "NE Pacific"
1990, 11, 15, 15, 0, 78, 4333.62, 272.145, 10.4226, 12.75, 212230, 3, 49.614, 96353.8, 5, "NEP", "NE Pacific"
1990, 11, 20, 18, 0, 79, 4338.75, 274.157, 9.12812, 21.75, 278043, 1, 40.8901, 98161.4, 5, "NEP", "NE Pacific"
1990, 12, 1, 18, 0, 80, 4349.75, 309.947, 22.7356, 9.5, 220996, 1, 38.2064, 97458.8, 4, "NA", "N Atlantic"
1990, 12, 6, 6, 0, 81, 4354.25, 160.683, 11.5769, 5.75, 153635, 0, 29.8462, 99238, 2, "NWP", "NW Pacific"
1990, 12, 6, 21, 0, 82, 4354.88, 256.231, 10.5695, 5.375, 98212.1, 0, 28.7762, 99722.5, 5, "NEP", "NE Pacific"
1990, 12, 11, 6, 0, 83, 4359.25, 267.881, 6.73971, 10.375, 156787, 0, 22.4963, 100114, 5, "NEP", "NE Pacific"
1990, 12, 19, 18, 0, 84, 4367.75, 156.375, 15.2267, 9.25, 279844, 0, 24.8168, 100203, 2, "NWP", "NW Pacific"
1990, 12, 27, 6, 0, 85, 4375.25, 61.9179, -11.6999, 7.125, 169523, 1, 38.1845, 98028, 0, "SI", "S Indian"
1991, 1, 2, 6, 0, 86, 4381.25, 193.716, -20.0494, 7.875, 320481, 0, 27.2597, 99898.8, 1, "SWP", "SW Pacific"
1991, 1, 7, 0, 0, 87, 4386, 258.41, 7.13679, 10.125, 133183, 0, 29.1445, 99362.2, 5, "NEP", "NE Pacific"
1991, 1, 14, 6, 0, 88, 4393.25, 79.7329, 4.88701, 6.75, 133510, 1, 36.5717, 98788.6, 3, "NI", "N Indian"
1991, 1, 21, 3, 0, 89, 4400.12, 72.7488, 3.65583, 6.875, 109832, 2, 42.8308, 97993.4, 3, "NI", "N Indian"
1991, 2, 1, 6, 0, 90, 4411.25, 35.2601, -22.028, 9, 128302, 1, 37.7771, 97101.6, 0, "SI", "S Indian"
1991, 2, 11, 9, 0, 91, 4421.38, 121.056, -13.258, 9.875, 179289, 2, 44.8321, 96733.7, 0, "SI", "S Indian"
1991, 2, 17, 12, 0, 92, 4427.5, 55.1099, -23.8857, 3.375, 43150.6, 1, 36.3742, 98590.7, 0, "SI", "S Indian"
1991, 2, 22, 12, 0, 93, 4432.5, 169.984, 2.94263, 10.125, 178847, 0, 28.265, 100047, 2, "NWP", "NW Pacific"
1991, 3, 4, 3, 0, 94, 4442.12, 48.0556, -11.549, 11.875, 235724, 5, 75.0615, 92559.2, 0, "SI", "S Indian"
1991, 3, 15, 6, 0, 95, 4453.25, 190.011, 7.11941, 16.875, 506458, 3, 57.1989, 95832.1, 5, "NEP", "NE Pacific"
1991, 3, 24, 6, 0, 96, 4462.25, 166.66, -15.4759, 6, 143248, 1, 36.3825, 97584.5, 1, "SWP", "SW Pacific"
1991, 4, 3, 9, 0, 97, 4472.38, 77.0864, -10.3124, 4.25, 94645.3, 1, 39.9942, 98200, 0, "SI", "S Indian"
1991, 4, 11, 21, 0, 98, 4480.88, 80.3471, -10.0944, 7.5, 167658, 0, 31.622, 99433.5, 0, "SI", "S Indian"
1991, 4, 20, 15, 0, 99, 4489.62, 52.4138, -16.8652, 5.25, 107118, 0, 28.4737, 99803.8, 0, "SI", "S Indian"
1991, 4, 24, 6, 0, 100, 4493.25, 251.459, 8.06346, 11.875, 123102, 0, 30.8409, 99366.1, 5, "NEP", "NE Pacific"
1991, 5, 28, 21, 0, 101, 4527.88, 60.9789, 18.0866, 8.75, 130066, 3, 49.9835, 94292.3, 3, "NI", "N Indian"
1991, 6, 5, 6, 0, 102, 4535.25, 229.746, 8.48992, 14, 321231, 0, 26.1451, 99919.9, 5, "NEP", "NE Pacific"
1991, 6, 16, 0, 0, 103, 4546, 245.463, 8.81022, 27.625, 668830, 5, 74.7285, 91372.3, 5, "NEP", "NE Pacific"
1991, 6, 16, 15, 0, 104, 4546.62, 257.792, 10.9901, 5.875, 90807.3, 0, 21.7645, 99887.3, 5, "NEP", "NE Pacific"
1991, 6, 19, 12, 0, 105, 4549.5, 201.915, 11.2661, 15.375, 428569, 4, 64.6587, 93265, 5, "NEP", "NE Pacific"
1991, 6, 23, 15, 0, 106, 4553.62, 281.151, 7.91392, 11.875, 284442, 4, 61.0927, 94762.5, 5, "NEP", "NE Pacific"
1991, 6, 29, 12, 0, 107, 4559.5, 272.812, 9.0352, 10.875, 231045, 3, 51.5211, 95497.5, 5, "NEP", "NE Pacific"
1991, 7, 7, 21, 0, 108, 4567.88, 272.163, 8.60939, 9, 220642, 1, 39.9995, 98198.8, 5, "NEP", "NE Pacific"
1991, 7, 13, 12, 0, 109, 4573.5, 164.097, -9.51746, 4.75, 77950.3, 0, 29.0847, 99532, 1, "SWP", "SW Pacific"
1991, 7, 17, 9, 0, 110, 4577.38, 77.0749, -4.83308, 9.125, 212054, 1, 39.9612, 97614.1, 0, "SI", "S Indian"
1991, 7, 17, 21, 0, 111, 4577.88, 238.425, 11.0158, 24.5, 566199, 5, 79.9176, 89476.8, 5, "NEP", "NE Pacific"
1991, 7, 19, 21, 0, 112, 4579.88, 247.741, 9.28364, 16.375, 387828, 3, 56.3917, 95567.9, 5, "NEP", "NE Pacific"
1991, 7, 20, 0, 0, 113, 4580, 161.661, 28.8492, 4.75, 148690, 0, 27.2689, 99613.2, 2, "NWP", "NW Pacific"
1991, 7, 20, 6, 0, 114, 4580.25, 192.838, 15.2543, 4.5, 116223, 0, 26.5846, 100019, 5, "NEP", "NE Pacific"
1991, 7, 22, 3, 0, 115, 4582.12, 85.9644, -6.81778, 8.75, 180886, 1, 34.1239, 98953.7, 0, "SI", "S Indian"
1991, 7, 29, 0, 0, 116, 4589, 155.311, 26.1503, 5.25, 173259, 1, 33.1577, 98823.2, 2, "NWP", "NW Pacific"
1991, 8, 5, 3, 0, 117, 4596.12, 239.973, 13.2257, 19.5, 370329, 3, 54.7191, 95522, 5, "NEP", "NE Pacific"
1991, 8, 5, 6, 0, 118, 4596.25, 253.737, 11.4116, 23.125, 490151, 3, 51.0974, 96753.8, 5, "NEP", "NE Pacific"
1991, 8, 9, 12, 0, 119, 4600.5, 249.896, 10.1624, 6.625, 128968, 0, 32.3081, 99723.7, 5, "NEP", "NE Pacific"
1991, 8, 13, 3, 0, 120, 4604.12, 247.281, 11.6765, 10.125, 169643, 1, 36.6677, 98198.4, 5, "NEP", "NE Pacific"
1991, 8, 17, 12, 0, 121, 4608.5, 71.4796, 24.3834, 3.75, 84411.4, 1, 37.3343, 97469.9, 3, "NI", "N Indian"
1991, 8, 17, 21, 0, 122, 4608.88, 329.001, 9.49977, 17.125, 323286, 3, 58.0003, 94224.6, 4, "NA", "N Atlantic"
1991, 8, 18, 12, 0, 123, 4609.5, 90.0903, -6.48238, 11.75, 131439, 1, 34.4922, 99012.5, 0, "SI", "S Indian"
1991, 8, 19, 0, 0, 124, 4610, 253.183, 13.313, 6.875, 189032, 2, 43.1384, 97206.1, 5, "NEP", "NE Pacific"
1991, 8, 28, 21, 0, 125, 4619.88, 252.291, 10.4031, 10.125, 220902, 2, 42.5952, 96400.5, 5, "NEP", "NE Pacific"
1991, 8, 31, 18, 0, 126, 4622.75, 266.747, 10.5843, 33.125, 601453, 3, 50.5529, 96123.4, 5, "NEP", "NE Pacific"
1991, 9, 7, 12, 0, 127, 4629.5, 214.985, 13.7288, 18.625, 459398, 4, 64.7274, 92822.3, 5, "NEP", "NE Pacific"
1991, 9, 9, 0, 0, 128, 4631, 184.659, 27.4732, 3.625, 110061, 0, 26.8962, 100730, 5, "NEP", "NE Pacific"
1991, 9, 10, 3, 0, 129, 4632.12, 248.784, 12.8142, 8.25, 100748, 1, 41.9071, 97072.7, 5, "NEP", "NE Pacific"
1991, 9, 10, 12, 0, 130, 4632.5, 264.546, 12.1381, 7.75, 188309, 4, 59.6236, 93876.5, 5, "NEP", "NE Pacific"
1991, 9, 11, 21, 0, 131, 4633.88, 344.019, 9.38754, 30, 735487, 2, 44.5986, 96218.2, 4, "NA", "N Atlantic"
1991, 9, 11, 21, 0, 132, 4633.88, 320.795, 17.1301, 10.875, 304916, 4, 61.9796, 92530.5, 4, "NA", "N Atlantic"
1991, 9, 12, 12, 0, 133, 4634.5, 279.414, 8.11324, 15, 311751, 3, 57.3678, 95076.4, 5, "NEP", "NE Pacific"
1991, 9, 14, 18, 0, 134, 4636.75, 82.104, -4.59253, 9, 204032, 0, 27.9299, 99718, 0, "SI", "S Indian"
1991, 9, 18, 18, 0, 135, 4640.75, 341.789, 9.33918, 13.625, 336016, 3, 50.2717, 96428.2, 4, "NA", "N Atlantic"
1991, 9, 27, 6, 0, 136, 4649.25, 199.721, 10.9742, 15.875, 197179, 1, 33.6003, 98988, 5, "NEP", "NE Pacific"
1991, 9, 28, 21, 0, 137, 4650.88, 338.589, 9.80157, 17.375, 555631, 3, 57.0728, 94793.8, 4, "NA", "N Atlantic"
1991, 10, 6, 21, 0, 138, 4658.88, 244.625, 11.9104, 5.25, 78217.1, 0, 30.0073, 99119.3, 5, "NEP", "NE Pacific"
1991, 10, 7, 15, 0, 139, 4659.62, 339.018, 10.2477, 6, 116914, 0, 29.2004, 99657.8, 4, "NA", "N Atlantic"
1991, 10, 7, 18, 0, 140, 4659.75, 296.592, 25.7813, 3, 91643.6, 0, 20.9615, 100555, 4, "NA", "N Atlantic"
1991, 10, 7, 21, 0, 141, 4659.88, 268.754, 11.91, 5.25, 65225.5, 1, 37.5529, 98818.8, 5, "NEP", "NE Pacific"
1991, 10, 11, 3, 0, 142, 4663.12, 261.293, 11.0239, 21.125, 251841, 1, 35.3803, 98736.7, 5, "NEP", "NE Pacific"
1991, 10, 12, 3, 0, 143, 4664.12, 347.344, 8.27124, 5.375, 76835.1, 1, 35.0945, 99305.5, 4, "NA", "N Atlantic"
1991, 10, 13, 0, 0, 144, 4665, 276.99, 17.4408, 5.25, 119187, 2, 46.069, 95946.3, 4, "NA", "N Atlantic"
1991, 10, 13, 6, 0, 145, 4665.25, 240.91, 14.8777, 11.125, 233542, 2, 42.6906, 97395.4, 5, "NEP", "NE Pacific"
1991, 10, 23, 18, 0, 146, 4675.75, 233.766, 11.2743, 6.875, 84088.7, 1, 37.8356, 98461.6, 5, "NEP", "NE Pacific"
1991, 10, 25, 6, 0, 147, 4677.25, 263.082, 10.778, 7.125, 149479, 4, 59.3211, 95294.6, 5, "NEP", "NE Pacific"
1991, 10, 25, 6, 0, 148, 4677.25, 180.543, 13.9227, 11.875, 238002, 0, 24.496, 99945.5, 5, "NEP", "NE Pacific"
1991, 11, 1, 0, 0, 149, 4684, 272.476, 9.16222, 11.125, 243820, 1, 34.4494, 99172, 5, "NEP", "NE Pacific"
1991, 11, 6, 0, 0, 150, 4689, 172.799, -7.26643, 7.75, 123497, 1, 35.1539, 98538.6, 1, "SWP", "SW Pacific"
1991, 11, 10, 9, 0, 151, 4693.38, 242.165, 10.0087, 7.375, 106830, 0, 29.6355, 99538.2, 5, "NEP", "NE Pacific"
1991, 11, 12, 12, 0, 152, 4695.5, 225.764, 8.19569, 6.75, 62033.6, 0, 25.3544, 99821.7, 5, "NEP", "NE Pacific"
1991, 11, 13, 18, 0, 153, 4696.75, 112.366, 9.81381, 12.25, 345099, 0, 30.7546, 99807.5, 2, "NWP", "NW Pacific"
1991, 11, 14, 6, 0, 154, 4697.25, 271.179, 8.08135, 8.25, 87110.5, 0, 29.3246, 99746.9, 5, "NEP", "NE Pacific"
1991, 11, 21, 0, 0, 155, 4704, 213.132, 6.21434, 11.5, 242152, 2, 44.6923, 98244.1, 5, "NEP", "NE Pacific"
1991, 11, 21, 3, 0, 156, 4704.12, 70.8874, -16.5749, 9.375, 139202, 0, 27.6832, 99637.1, 0, "SI", "S Indian"
1991, 11, 25, 18, 0, 157, 4708.75, 271.875, 6.45372, 15.5, 230451, 3, 57.529, 95789.2, 5, "NEP", "NE Pacific"
1991, 11, 25, 18, 0, 158, 4708.75, 258.945, 9.78469, 6.625, 150805, 1, 40.641, 98228.4, 5, "NEP", "NE Pacific"
1991, 11, 27, 6, 0, 159, 4710.25, 236.099, 9.58867, 6.875, 112630, 1, 33.3668, 99036.5, 5, "NEP", "NE Pacific"
1991, 12, 7, 0, 0, 160, 4720, 48.9579, -11.4118, 18, 228471, 1, 38.2706, 97790.9, 0, "SI", "S Indian"
1991, 12, 8, 12, 0, 161, 4721.5, 206.497, 4.19164, 5, 87934.5, 0, 26.4502, 99792.7, 5, "NEP", "NE Pacific"
1991, 12, 17, 15, 0, 162, 4730.62, 124.124, -15.5173, 20.125, 350576, 1, 35.1491, 98112.3, 0, "SI", "S Indian"
1991, 12, 19, 0, 0, 163, 4732, 249.962, 4.96292, 7.625, 189800, 0, 30.1613, 99567.2, 5, "NEP", "NE Pacific"
1991, 12, 23, 0, 0, 164, 4736, 124.623, -13.2766, 9.5, 116558, 1, 36.1698, 98296.3, 0, "SI", "S Indian"
1991, 12, 31, 18, 0, 165, 4744.75, 169.958, 6.28454, 9.75, 352629, 0, 29.706, 100217, 2, "NWP", "NW Pacific"
1992, 1, 3, 9, 0, 166, 4747.38, 183.418, 7.33774, 8.625, 240094, 0, 27.015, 99987.4, 5, "NEP", "NE Pacific"
1992, 1, 7, 18, 0, 167, 4751.75, 110.155, 6.47493, 4.875, 126830, 0, 24.8741, 100077, 2, "NWP", "NW Pacific"
1992, 1, 9, 0, 0, 168, 4753, 68.397, 8.12482, 5.25, 79310.8, 0, 23.1595, 100241, 3, "NI", "N Indian"
1992, 1, 15, 15, 0, 169, 4759.62, 40.6395, -17.2499, 17.5, 407636, 5, 76.8834, 90191.5, 0, "SI", "S Indian"
1992, 1, 19, 21, 0, 170, 4763.88, 183.737, -14.7894, 13.875, 239076, 5, 70.3712, 91382.9, 1, "SWP", "SW Pacific"
1992, 2, 8, 12, 0, 171, 4783.5, 46.6618, -17.5097, 13.75, 247879, 3, 52.1295, 93553.5, 0, "SI", "S Indian"
1992, 2, 10, 18, 0, 172, 4785.75, 169.741, -12.5816, 16.625, 324291, 3, 53.2432, 94743.7, 1, "SWP", "SW Pacific"
1992, 3, 7, 0, 0, 173, 4810, 147.119, -18.5937, 8.5, 71887.8, 1, 34.9541, 98760.6, 1, "SWP", "SW Pacific"
1992, 3, 7, 0, 0, 174, 4810, 49.1669, -18.6532, 7.625, 226724, 2, 42.7365, 97062.1, 0, "SI", "S Indian"
1992, 4, 5, 3, 0, 175, 4839.12, 188.061, -15.2542, 10.625, 201293, 3, 56.9678, 94581.3, 1, "SWP", "SW Pacific"
1992, 4, 22, 9, 0, 176, 4856.38, 157.191, -11.1145, 25.25, 310432, 3, 57.7402, 96059.7, 1, "SWP", "SW Pacific"
1992, 5, 3, 15, 0, 177, 4867.62, 104.221, -10.4148, 5.125, 137500, 0, 29.1719, 99500.4, 0, "SI", "S Indian"
1992, 5, 5, 9, 0, 178, 4869.38, 253.403, 6.6508, 11.25, 129112, 0, 31.0379, 99421.5, 5, "NEP", "NE Pacific"
1992, 5, 11, 12, 0, 179, 4875.5, 267.199, 8.81532, 19.875, 247562, 2, 48.3102, 97572, 5, "NEP", "NE Pacific"
1992, 5, 19, 18, 0, 180, 4883.75, 70.1797, 14.6504, 6.375, 110223, 1, 41.7233, 96718.4, 3, "NI", "N Indian"
1992, 6, 3, 6, 0, 181, 4898.25, 254.145, 7.70805, 15.375, 247746, 1, 32.7503, 99194.4, 5, "NEP", "NE Pacific"
1992, 6, 9, 9, 0, 182, 4904.38, 72.3925, 19.0644, 5.625, 80230.2, 2, 47.5571, 94997.9, 3, "NI", "N Indian"
1992, 6, 18, 21, 0, 183, 4913.88, 89.8534, -10.8928, 4.875, 94424.7, 0, 30.1625, 99302.1, 0, "SI", "S Indian"
1992, 6, 23, 12, 0, 184, 4918.5, 263.387, 7.91955, 7.25, 167206, 0, 28.1602, 99951.8, 5, "NEP", "NE Pacific"
1992, 6, 23, 12, 0, 185, 4918.5, 245.147, 12.417, 6.375, 153540, 1, 38.8093, 98013.3, 5, "NEP", "NE Pacific"
1992, 6, 23, 18, 0, 186, 4918.75, 65.3381, 21.321, 6.625, 99593.4, 1, 36.6937, 97160, 3, "NI", "N Indian"
1992, 6, 25, 15, 0, 187, 4920.62, 132.48, 12.4772, 4.75, 124102, 1, 36.8723, 98320.8, 2, "NWP", "NW Pacific"
1992, 7, 3, 3, 0, 188, 4928.12, 257.815, 9.95, 12.125, 285217, 4, 58.1697, 94236.4, 5, "NEP", "NE Pacific"
1992, 7, 4, 3, 0, 189, 4929.12, 234.116, 12.7832, 20.375, 485206, 4, 62.2323, 94711.2, 5, "NEP", "NE Pacific"
1992, 7, 9, 12, 0, 190, 4934.5, 252.432, 12.2696, 4.875, 111487, 0, 23.3914, 100196, 5, "NEP", "NE Pacific"
1992, 7, 14, 0, 0, 191, 4939, 177.728, 9.55979, 15.125, 362010, 5, 74.4216, 90735.7, 2, "NWP", "NW Pacific"
1992, 7, 14, 3, 0, 192, 4939.12, 68.3142, 23.2276, 5.25, 80122.8, 1, 35.4195, 97239.8, 3, "NI", "N Indian"
1992, 7, 14, 18, 0, 193, 4939.75, 239.698, 10.6466, 10.5, 257024, 0, 29.7547, 99937.1, 5, "NEP", "NE Pacific"
1992, 7, 16, 15, 0, 194, 4941.62, 167.378, -7.35124, 11, 184296, 0, 29.4395, 99433.4, 1, "SWP", "SW Pacific"
1992, 7, 17, 0, 0, 195, 4942, 93.1389, -6.00033, 4.25, 76721.6, 1, 37.0351, 99101, 0, "SI", "S Indian"
1992, 7, 17, 9, 0, 196, 4942.38, 244.164, 9.4743, 14.375, 371472, 3, 55.4298, 96649, 5, "NEP", "NE Pacific"
1992, 7, 18, 15, 0, 197, 4943.62, 75.4982, -5.60337, 13.75, 280556, 1, 39.1894, 97738.9, 0, "SI", "S Indian"
1992, 7, 23, 12, 0, 198, 4948.5, 241.845, 11.6313, 24.375, 615766, 5, 74.6342, 91170.2, 5, "NEP", "NE Pacific"
1992, 7, 25, 15, 0, 199, 4950.62, 255.159, 7.90384, 5.875, 153707, 1, 41.8572, 98699.3, 5, "NEP", "NE Pacific"
1992, 7, 26, 21, 0, 200, 4951.88, 321.824, 13.2271, 10.5, 305649, 4, 58.8157, 95109.4, 4, "NA", "N Atlantic"
1992, 7, 28, 6, 0, 201, 4953.25, 199.535, 15.6148, 3.875, 127514, 0, 28.1208, 100012, 5, "NEP", "NE Pacific"
1992, 7, 30, 15, 0, 202, 4955.62, 246.283, 10.2209, 5.75, 115806, 0, 31.6863, 99475.4, 5, "NEP", "NE Pacific"
1992, 8, 1, 0, 0, 203, 4957, 218.775, 15.132, 17, 308123, 1, 41.5393, 98359.9, 5, "NEP", "NE Pacific"
1992, 8, 4, 3, 0, 204, 4960.12, 149.633, 17.4907, 16.375, 307512, 5, 75.7869, 91797.1, 2, "NWP", "NW Pacific"
1992, 8, 11, 3, 0, 205, 4967.12, 76.1344, 26.6121, 12.25, 249032, 1, 37.7996, 97259.8, 3, "NI", "N Indian"
1992, 8, 11, 9, 0, 206, 4967.38, 237.137, 9.57262, 14.625, 404600, 4, 58.5562, 94621, 5, "NEP", "NE Pacific"
1992, 8, 12, 15, 0, 207, 4968.62, 252.259, 11.8423, 20.5, 485125, 4, 60.2022, 95296.5, 5, "NEP", "NE Pacific"
1992, 8, 14, 15, 0, 208, 4970.62, 205.838, 10.6759, 21.875, 422559, 2, 47.9802, 96535.9, 5, "NEP", "NE Pacific"
1992, 8, 18, 0, 0, 209, 4974, 206.219, -6.37784, 5.125, 129912, 0, 28.0274, 99937.4, 1, "SWP", "SW Pacific"
1992, 8, 20, 6, 0, 210, 4976.25, 140.509, 23.6593, 7.5, 276643, 1, 36.2522, 97838.1, 2, "NWP", "NW Pacific"
1992, 8, 25, 3, 0, 211, 4981.12, 224.676, 15.209, 17.625, 402563, 3, 49.6675, 96773.1, 5, "NEP", "NE Pacific"
1992, 8, 26, 6, 0, 212, 4982.25, 249.212, 11.0665, 5.25, 126271, 0, 25.5327, 100036, 5, "NEP", "NE Pacific"
1992, 8, 30, 21, 0, 213, 4986.88, 94.1412, -6.29223, 5.25, 119313, 1, 37.0117, 97877.8, 0, "SI", "S Indian"
1992, 9, 1, 9, 0, 214, 4988.38, 217.78, 20.7958, 3.25, 92254.2, 0, 27.5941, 100058, 5, "NEP", "NE Pacific"
1992, 9, 5, 0, 0, 215, 4992, 287.801, 18.1738, 4.125, 88282, 3, 54.3881, 96748, 4, "NA", "N Atlantic"
1992, 9, 5, 3, 0, 216, 4992.12, 322.253, 12.7299, 12.125, 363683, 5, 75.0173, 90853.9, 4, "NA", "N Atlantic"
1992, 9, 5, 12, 0, 217, 4992.5, 259.715, 12.7558, 8.5, 155776, 1, 39.1469, 97973.3, 5, "NEP", "NE Pacific"
1992, 9, 7, 15, 0, 218, 4994.62, 226.518, 10.507, 11.375, 153942, 1, 32.6454, 98975.2, 5, "NEP", "NE Pacific"
1992, 9, 11, 12, 0, 219, 4998.5, 255.834, 18.262, 5.75, 145562, 2, 46.4983, 96710.2, 5, "NEP", "NE Pacific"
1992, 9, 14, 0, 0, 220, 5001, 210.97, 11.5651, 19.375, 276057, 3, 52.6174, 95204.4, 5, "NEP", "NE Pacific"
1992, 9, 18, 0, 0, 221, 5005, 256.557, 13.7589, 14.375, 230781, 3, 54.8634, 94310.3, 5, "NEP", "NE Pacific"
1992, 9, 18, 18, 0, 222, 5005.75, 78.8304, -6.3463, 11.875, 154186, 1, 35.9437, 99148.2, 0, "SI", "S Indian"
1992, 9, 20, 0, 0, 223, 5007, 298.453, 27.0154, 5.5, 158228, 3, 50.0452, 97304.8, 4, "NA", "N Atlantic"
1992, 9, 20, 15, 0, 224, 5007.62, 330.307, 9.58353, 7.5, 131743, 0, 24.6753, 99820.5, 4, "NA", "N Atlantic"
1992, 9, 21, 15, 0, 225, 5008.62, 225.61, 13.3481, 7.75, 90036, 1, 32.8028, 98470.9, 5, "NEP", "NE Pacific"
1992, 9, 29, 9, 0, 226, 5016.38, 288.748, 23.6424, 4.625, 152594, 0, 28.867, 98927.1, 4, "NA", "N Atlantic"
1992, 9, 29, 18, 0, 227, 5016.75, 91.25, -5.51499, 10.75, 281300, 0, 31.7715, 99854.6, 0, "SI", "S Indian"
1992, 9, 29, 18, 0, 228, 5016.75, 330.41, 15.3973, 2.875, 39821.9, 0, 26.5952, 99813.3, 4, "NA", "N Atlantic"
1992, 10, 3, 0, 0, 229, 5020, 322.174, 18.9552, 13.125, 234290, 2, 47.4917, 96419, 4, "NA", "N Atlantic"
1992, 10, 7, 21, 0, 230, 5024.88, 96.8831, -5.11546, 18.5, 313057, 2, 43.8049, 97641.3, 0, "SI", "S Indian"
1992, 10, 10, 21, 0, 231, 5027.88, 82.6997, -4.00943, 11.375, 164567, 0, 28.1909, 99635.4, 0, "SI", "S Indian"
1992, 10, 12, 15, 0, 232, 5029.62, 193.84, 23.3036, 13.125, 365424, 3, 54.1018, 95693.6, 5, "NEP", "NE Pacific"
1992, 10, 14, 0, 0, 233, 5031, 248.265, 12.8443, 10.375, 137856, 1, 34.9776, 98668.6, 5, "NEP", "NE Pacific"
1992, 10, 15, 0, 0, 234, 5032, 234.009, 14.5108, 16.125, 213118, 1, 32.788, 98747.9, 5, "NEP", "NE Pacific"
1992, 10, 16, 21, 0, 235, 5033.88, 185.367, -11.4781, 3.375, 51965.1, 2, 44.8888, 97580.5, 1, "SWP", "SW Pacific"
1992, 10, 21, 3, 0, 236, 5038.12, 257.82, 7.88132, 13.125, 169881, 1, 39.143, 97806.2, 5, "NEP", "NE Pacific"
1992, 10, 26, 21, 0, 237, 5043.88, 260.331, 10.7665, 7.25, 123168, 1, 34.7705, 98523.1, 5, "NEP", "NE Pacific"
1992, 10, 28, 12, 0, 238, 5045.5, 273.669, 7.52461, 4.625, 39193.9, 0, 26.1437, 100122, 5, "NEP", "NE Pacific"
1992, 10, 30, 0, 0, 239, 5047, 64.4725, -7.34011, 9.25, 137893, 0, 24.6295, 100300, 0, "SI", "S Indian"
1992, 10, 30, 0, 0, 240, 5047, 282.5, 10.678, 5.375, 96722.5, 0, 31.4702, 99000.8, 4, "NA", "N Atlantic"
1992, 10, 31, 3, 0, 241, 5048.12, 223.991, 11.6453, 7.75, 165643, 1, 33.3009, 98590, 5, "NEP", "NE Pacific"
1992, 11, 2, 6, 0, 242, 5050.25, 270.095, 6.79261, 5.875, 81299.6, 0, 31.9261, 99476.7, 5, "NEP", "NE Pacific"
1992, 11, 6, 9, 0, 243, 5054.38, 61.5509, -8.69618, 8, 131527, 1, 36.9567, 98940.4, 0, "SI", "S Indian"
1992, 11, 10, 21, 0, 244, 5058.88, 266.52, 7.69031, 4.75, 131810, 1, 37.0066, 99155.3, 5, "NEP", "NE Pacific"
1992, 11, 17, 6, 0, 245, 5065.25, 260.378, 10.4582, 5.75, 155590, 1, 39.1284, 98116.4, 5, "NEP", "NE Pacific"
1992, 11, 24, 3, 0, 246, 5072.12, 264.842, 6.836, 2.625, 106004, 1, 34.8478, 98983.6, 5, "NEP", "NE Pacific"
1992, 11, 28, 15, 0, 247, 5076.62, 174.398, 6.1344, 8.75, 238978, 0, 31.5902, 99962.1, 2, "NWP", "NW Pacific"
1992, 12, 1, 9, 0, 248, 5079.38, 253.467, 10.8455, 3.625, 56134.2, 1, 39.559, 98319.8, 5, "NEP", "NE Pacific"
1992, 12, 5, 6, 0, 249, 5083.25, 271.86, 7.40154, 8, 188672, 0, 26.4466, 99919.5, 5, "NEP", "NE Pacific"
1992, 12, 6, 6, 0, 250, 5084.25, 80.4931, 10.2798, 9.375, 140587, 1, 42.1403, 98390.1, 3, "NI", "N Indian"
1992, 12, 6, 12, 0, 251, 5084.5, 52.1767, -9.9827, 5.5, 98311.1, 0, 32.324, 99554.2, 0, "SI", "S Indian"
1992, 12, 19, 21, 0, 252, 5097.88, 82.4207, -11.8292, 12, 297945, 1, 36.3741, 98941.5, 0, "SI", "S Indian"
1992, 12, 22, 12, 0, 253, 5100.5, 196.032, 6.82287, 7.875, 264823, 0, 29.6978, 99867.9, 5, "NEP", "NE Pacific"
1993, 1, 3, 15, 0, 254, 5112.62, 164.84, -18.4153, 7.75, 233800, 1, 35.6209, 98196, 1, "SWP", "SW Pacific"
1993, 1, 4, 0, 0, 255, 5113, 259.442, 7.85828, 10.5, 150977, 1, 41.3929, 98187.1, 5, "NEP", "NE Pacific"
1993, 1, 18, 3, 0, 256, 5127.12, 42.5896, -19.9669, 4.125, 62739.8, 0, 29.401, 98437.2, 0, "SI", "S Indian"
1993, 1, 28, 3, 0, 257, 5137.12, 78.4883, 4.44897, 5.875, 76142.6, 0, 30.4236, 98940.2, 3, "NI", "N Indian"
1993, 2, 3, 3, 0, 258, 5143.12, 40.3105, -21.7982, 5.25, 93202.4, 3, 50.1736, 95261, 0, "SI", "S Indian"
1993, 2, 4, 12, 0, 259, 5144.5, 77.3521, -8.37972, 10.375, 269602, 1, 42.2293, 97422.4, 0, "SI", "S Indian"
1993, 2, 17, 9, 0, 260, 5157.38, 156.172, 5.95809, 7.5, 231710, 0, 28.5719, 99947.8, 2, "NWP", "NW Pacific"
1993, 3, 5, 6, 0, 261, 5173.25, 83.4777, -10.6663, 11.125, 230859, 2, 46.313, 97157.4, 0, "SI", "S Indian"
1993, 3, 8, 3, 0, 262, 5176.12, 252.659, -5.46462, 13.875, 207207, 0, 32.1728, 99150.8, 6, "SEP", "SE Pacific"
1993, 3, 23, 3, 0, 263, 5191.12, 55.2981, -16.4972, 8.75, 181362, 4, 59.3386, 94295.2, 0, "SI", "S Indian"
1993, 3, 24, 0, 0, 264, 5192, 188.752, -16.3438, 5.125, 94095.5, 1, 40.8429, 97258.2, 1, "SWP", "SW Pacific"
1993, 3, 28, 3, 0, 265, 5196.12, 118.453, -12.2645, 11.5, 246285, 1, 33.0636, 98863.3, 0, "SI", "S Indian"
1993, 3, 30, 0, 0, 266, 5198, 58.9059, -12.0431, 17.25, 322865, 4, 59.1122, 94008.3, 0, "SI", "S Indian"
1993, 6, 4, 0, 0, 267, 5264, 255.018, 14.1711, 3.625, 60718.8, 1, 41.9596, 97757.6, 5, "NEP", "NE Pacific"
1993, 6, 11, 18, 0, 268, 5271.75, 345.659, 8.58729, 3.875, 127329, 0, 28.5668, 100108, 4, "NA", "N Atlantic"
1993, 6, 19, 3, 0, 269, 5279.12, 254.326, 12.8026, 6.5, 117811, 1, 40.5434, 97712.1, 5, "NEP", "NE Pacific"
1993, 6, 21, 3, 0, 270, 5281.12, 265.868, 6.77547, 18.25, 404329, 4, 62.9258, 94427.1, 5, "NEP", "NE Pacific"
1993, 6, 22, 6, 0, 271, 5282.25, 241.283, 10.0329, 5, 121745, 1, 38.2409, 97839.3, 5, "NEP", "NE Pacific"
1993, 6, 28, 3, 0, 272, 5288.12, 262.161, 9.73686, 21.125, 491408, 3, 55.678, 95156.5, 5, "NEP", "NE Pacific"
1993, 6, 30, 9, 0, 273, 5290.38, 264.702, 10.6899, 14.25, 276972, 2, 44.5686, 96463.9, 5, "NEP", "NE Pacific"
1993, 7, 4, 6, 0, 274, 5294.25, 158.814, -4.50486, 4.625, 75979.1, 0, 29.6146, 99722.1, 1, "SWP", "SW Pacific"
1993, 7, 6, 9, 0, 275, 5296.38, 261.585, 9.69908, 19.875, 495521, 3, 50.8005, 96137.3, 5, "NEP", "NE Pacific"
1993, 7, 7, 9, 0, 276, 5297.38, 131.156, 18.7061, 6.25, 148041, 3, 51.5551, 94891.5, 2, "NWP", "NW Pacific"
1993, 7, 17, 6, 0, 277, 5307.25, 261.848, 6.61751, 11, 248242, 1, 38.1647, 98315.9, 5, "NEP", "NE Pacific"
1993, 7, 27, 0, 0, 278, 5317, 260.006, 7.6319, 17.25, 540581, 2, 44.6544, 97713.8, 5, "NEP", "NE Pacific"
1993, 7, 27, 15, 0, 279, 5317.62, 55.21, 25.4773, 5.875, 76912.2, 0, 27.9127, 98707.9, 3, "NI", "N Indian"
1993, 7, 30, 6, 0, 280, 5320.25, 291.412, 19.9282, 10.375, 236272, 4, 65.1043, 93036.5, 4, "NA", "N Atlantic"
1993, 7, 31, 15, 0, 281, 5321.62, 60.7686, -5.91339, 5.375, 64414.4, 0, 27.7566, 100023, 0, "SI", "S Indian"
1993, 8, 5, 15, 0, 282, 5326.62, 249.715, 11.9093, 10.25, 216601, 2, 43.975, 96941.9, 5, "NEP", "NE Pacific"
1993, 8, 6, 6, 0, 283, 5327.25, 188.819, -7.72995, 6.625, 102408, 0, 23.1328, 99713.9, 1, "SWP", "SW Pacific"
1993, 8, 9, 15, 0, 284, 5330.62, 205.561, 10.4123, 16.75, 367285, 3, 50.2764, 96693.1, 5, "NEP", "NE Pacific"
1993, 8, 9, 21, 0, 285, 5330.88, 215.878, 11.942, 8.375, 191395, 0, 28.1036, 99120.8, 5, "NEP", "NE Pacific"
1993, 8, 11, 12, 0, 286, 5332.5, 60.9285, -6.71558, 5, 110511, 0, 27.1963, 99828.6, 0, "SI", "S Indian"
1993, 8, 13, 18, 0, 287, 5334.75, 240.336, 10.2126, 12.25, 189660, 1, 38.3222, 98612.2, 5, "NEP", "NE Pacific"
1993, 8, 18, 6, 0, 288, 5339.25, 244.665, 13.4645, 19.875, 490677, 3, 55.7764, 94298.2, 5, "NEP", "NE Pacific"
1993, 8, 19, 6, 0, 289, 5340.25, 95.3258, -8.06244, 7.125, 137663, 1, 34.1073, 99133, 0, "SI", "S Indian"
1993, 8, 20, 18, 0, 290, 5341.75, 152.576, -22.1744, 8.25, 175466, 1, 35.8767, 98914.2, 1, "SWP", "SW Pacific"
1993, 8, 25, 12, 0, 291, 5346.5, 344.035, 9.62838, 7, 121437, 1, 35.8162, 98583.8, 4, "NA", "N Atlantic"
1993, 8, 26, 0, 0, 292, 5347, 262.361, 7.09545, 13.75, 201356, 3, 53.8021, 95091.3, 5, "NEP", "NE Pacific"
1993, 9, 2, 6, 0, 293, 5354.25, 88.3982, -6.177, 7.25, 168633, 0, 29.5168, 99728.3, 0, "SI", "S Indian"
1993, 9, 6, 3, 0, 294, 5358.12, 127.95, 25.4656, 4.5, 105380, 1, 41.4946, 96890.4, 2, "NWP", "NW Pacific"
1993, 9, 8, 9, 0, 295, 5360.38, 236.011, 13.1918, 10.625, 151537, 1, 36.2759, 98100.4, 5, "NEP", "NE Pacific"
1993, 9, 16, 0, 0, 296, 5368, 272.188, 11.382, 21.375, 285131, 3, 53.4655, 95522.5, 5, "NEP", "NE Pacific"
1993, 9, 16, 12, 0, 297, 5368.5, 209.346, 11.3996, 22.375, 361009, 3, 58.0495, 94617.3, 5, "NEP", "NE Pacific"
1993, 9, 16, 21, 0, 298, 5368.88, 189.202, 6.75563, 17.125, 229029, 0, 30.6873, 99979, 5, "NEP", "NE Pacific"
1993, 9, 17, 9, 0, 299, 5369.38, 279.375, 22.6467, 5.25, 134312, 2, 46.4334, 96653.1, 4, "NA", "N Atlantic"
1993, 9, 19, 9, 0, 300, 5371.38, 322.988, 10.019, 7.125, 82629.6, 0, 31.3229, 98869.6, 4, "NA", "N Atlantic"
1993, 9, 22, 0, 0, 301, 5374, 343.244, 14.4759, 20.625, 388222, 2, 46.6763, 96438.8, 4, "NA", "N Atlantic"
1993, 9, 23, 6, 0, 302, 5375.25, 223.548, 14.2275, 9.75, 110225, 1, 38.2588, 97764.2, 5, "NEP", "NE Pacific"
1993, 9, 28, 15, 0, 303, 5380.62, 259.751, 12.4712, 19.375, 205022, 4, 58.1805, 94453.4, 5, "NEP", "NE Pacific"
1993, 9, 29, 21, 0, 304, 5381.88, 279.37, 22.8908, 7.875, 104687, 0, 31.244, 98989.6, 4, "NA", "N Atlantic"
1993, 10, 11, 3, 0, 305, 5393.12, 330.345, 12.3245, 9.75, 200875, 2, 46.8078, 97045.2, 4, "NA", "N Atlantic"
1993, 10, 25, 9, 0, 306, 5407.38, 252.428, 14.7827, 2.5, 62697.5, 1, 37.2143, 98350.3, 5, "NEP", "NE Pacific"
1993, 10, 29, 3, 0, 307, 5411.12, 268.398, 8.75759, 4.125, 85865.1, 1, 38.5495, 98956.1, 5, "NEP", "NE Pacific"
1993, 10, 29, 6, 0, 308, 5411.25, 78.132, -5.47734, 5.75, 102524, 0, 27.4671, 99709.3, 0, "SI", "S Indian"
1993, 10, 29, 9, 0, 309, 5411.38, 258.764, 9.47755, 7.875, 143559, 4, 65.2355, 93439.6, 5, "NEP", "NE Pacific"
1993, 10, 30, 3, 0, 310, 5412.12, 321.619, 9.78844, 8.5, 153443, 0, 24.9411, 99958.7, 4, "NA", "N Atlantic"
1993, 10, 31, 9, 0, 311, 5413.38, 95.6272, 4.46451, 17.25, 243695, 1, 34.0323, 99414.7, 3, "NI", "N Indian"
1993, 11, 1, 15, 0, 312, 5414.62, 238.857, 10.6208, 14.625, 151758, 1, 34.0041, 98617.9, 5, "NEP", "NE Pacific"
1993, 11, 3, 0, 0, 313, 5416, 186.543, 22.9902, 6.875, 94675, 1, 33.6694, 99120.3, 5, "NEP", "NE Pacific"
1993, 11, 5, 3, 0, 314, 5418.12, 261.607, 9.90168, 4.25, 50879.7, 0, 24.8899, 99821.7, 5, "NEP", "NE Pacific"
1993, 11, 6, 12, 0, 315, 5419.5, 274.548, 8.89378, 4.25, 82332.7, 1, 33.5275, 99335.4, 5, "NEP", "NE Pacific"
1993, 11, 9, 18, 0, 316, 5422.75, 258.719, 13.787, 3.125, 32589.6, 1, 35.7894, 98989.9, 5, "NEP", "NE Pacific"
1993, 11, 12, 12, 0, 317, 5425.5, 194.433, 9.69024, 9.875, 96579.8, 0, 30.7726, 99163.6, 5, "NEP", "NE Pacific"
1993, 11, 21, 21, 0, 318, 5434.88, 171.218, -13.1972, 14.5, 208430, 0, 31.6672, 99492.4, 1, "SWP", "SW Pacific"
1993, 11, 28, 9, 0, 319, 5441.38, 95.0983, 3.57718, 6.75, 115379, 2, 46.5185, 97444.9, 3, "NI", "N Indian"
1993, 12, 1, 12, 0, 320, 5444.5, 255.934, 11.4439, 4.75, 132608, 1, 34.5178, 98322.1, 5, "NEP", "NE Pacific"
1993, 12, 4, 9, 0, 321, 5447.38, 204.351, 9.08696, 13.25, 338190, 0, 29.5204, 99742, 5, "NEP", "NE Pacific"
1993, 12, 5, 15, 0, 322, 5448.62, 246.955, 8.17667, 11.5, 179591, 1, 38.108, 98146.7, 5, "NEP", "NE Pacific"
1993, 12, 6, 6, 0, 323, 5449.25, 256.576, 7.1638, 10.75, 212314, 1, 41.7122, 98185.5, 5, "NEP", "NE Pacific"
1993, 12, 7, 0, 0, 324, 5450, 194.677, -18.1226, 11.5, 238615, 1, 36.2816, 98354.2, 1, "SWP", "SW Pacific"
1993, 12, 7, 9, 0, 325, 5450.38, 205.815, 8.06613, 4.75, 94405.7, 0, 31.4224, 99327.1, 5, "NEP", "NE Pacific"
1993, 12, 8, 6, 0, 326, 5451.25, 148.438, 11.6167, 6.75, 168741, 1, 33.3052, 99213.6, 2, "NWP", "NW Pacific"
1993, 12, 22, 9, 0, 327, 5465.38, 166.741, 5.22927, 9.625, 275847, 4, 61.5417, 94747.3, 2, "NWP", "NW Pacific"
1993, 12, 27, 9, 0, 328, 5470.38, 92.6935, 1.29749, 11.5, 223623, 1, 33.3572, 99566.9, 3, "NI", "N Indian"
1993, 12, 28, 12, 0, 329, 5471.5, 171.246, -7.64245, 8.75, 202467, 4, 58.9337, 94089.4, 1, "SWP", "SW Pacific"
1993, 12, 30, 9, 0, 330, 5473.38, 136.543, 6.90605, 10, 277757, 2, 42.5406, 97705.8, 2, "NWP", "NW Pacific"
1993, 12, 30, 21, 0, 331, 5473.88, 38.3727, -17.4794, 11.875, 161174, 2, 48.2362, 96543.3, 0, "SI", "S Indian"
1994, 1, 6, 6, 0, 332, 5480.25, 54.2596, -13.7992, 10.125, 154914, 1, 42.3733, 96923, 0, "SI", "S Indian"
1994, 1, 7, 15, 0, 333, 5481.62, 117.482, -14.7136, 10.625, 140146, 1, 38.1047, 97815.4, 0, "SI", "S Indian"
1994, 1, 9, 0, 0, 334, 5483, 240.745, 7.78575, 8, 192191, 0, 28.3098, 99789.8, 5, "NEP", "NE Pacific"
1994, 1, 11, 9, 0, 335, 5485.38, 105.625, 4.48149, 10.375, 184204, 3, 49.4157, 95343.9, 2, "NWP", "NW Pacific"
1994, 1, 12, 15, 0, 336, 5486.62, 87.7882, 4.36052, 5.25, 54239.8, 0, 26.1053, 99752, 3, "NI", "N Indian"
1994, 1, 24, 18, 0, 337, 5498.75, 56.4492, -12.8696, 7.5, 214635, 1, 33.685, 97956.4, 0, "SI", "S Indian"
1994, 1, 30, 12, 0, 338, 5504.5, 77.1809, 3.95009, 7.625, 181844, 3, 49.5807, 96575.3, 3, "NI", "N Indian"
1994, 2, 2, 0, 0, 339, 5507, 122.86, -15.6575, 6.625, 96950, 0, 32.0094, 99003.7, 0, "SI", "S Indian"
1994, 2, 7, 3, 0, 340, 5512.12, 44.4074, -13.7371, 8.25, 137851, 2, 47.6945, 95771.6, 0, "SI", "S Indian"
1994, 2, 11, 15, 0, 341, 5516.62, 168.078, 2.37429, 5.5, 87938.4, 0, 26.5318, 100105, 2, "NWP", "NW Pacific"
1994, 2, 24, 12, 0, 342, 5529.5, 111.09, 5.60333, 4.75, 82186.3, 0, 26.9935, 99488, 2, "NWP", "NW Pacific"
1994, 3, 2, 6, 0, 343, 5535.25, 128.404, -12.455, 15.375, 209833, 2, 47.6298, 96362.9, 0, "SI", "S Indian"
1994, 3, 7, 9, 0, 344, 5540.38, 172.419, -16.1453, 8.5, 184275, 2, 48.5522, 97023.4, 1, "SWP", "SW Pacific"
1994, 3, 11, 0, 0, 345, 5544, 55.1434, -13.7186, 7.625, 257649, 4, 66.2856, 91556.1, 0, "SI", "S Indian"
1994, 3, 12, 12, 0, 346, 5545.5, 160.289, -11.9711, 7.5, 162626, 4, 61.2356, 93618.6, 1, "SWP", "SW Pacific"
1994, 3, 29, 6, 0, 347, 5562.25, 169.377, -9.56907, 7, 143204, 0, 26.7251, 99519.1, 1, "SWP", "SW Pacific"
1994, 4, 12, 21, 0, 348, 5576.88, 164.158, -13.8201, 7.625, 146286, 1, 36.7439, 98572.8, 1, "SWP", "SW Pacific"
1994, 4, 20, 6, 0, 349, 5584.25, 166.907, -13.8737, 9.5, 112250, 0, 30.4093, 99527, 1, "SWP", "SW Pacific"
1994, 4, 28, 0, 0, 350, 5592, 292.498, 25.8186, 5.125, 91010.4, 0, 24.5856, 100214, 4, "NA", "N Atlantic"
1994, 5, 22, 15, 0, 351, 5616.62, 221.888, 7.13846, 5.875, 59443.1, 0, 27.4519, 99812.4, 5, "NEP", "NE Pacific"
1994, 5, 24, 9, 0, 352, 5618.38, 263.609, 9.0901, 4.25, 83435.9, 1, 40.0256, 98696.2, 5, "NEP", "NE Pacific"
1994, 5, 24, 12, 0, 353, 5618.5, 291.533, 29.0857, 7.5, 137167, 0, 28.2774, 99347.1, 4, "NA", "N Atlantic"
1994, 5, 27, 12, 0, 354, 5621.5, 226.504, 7.18429, 29.625, 665131, 4, 62.8829, 94027.8, 5, "NEP", "NE Pacific"
1994, 6, 12, 18, 0, 355, 5637.75, 251.741, 13.4243, 4.875, 101863, 0, 28.1332, 99148.2, 5, "NEP", "NE Pacific"
1994, 6, 15, 18, 0, 356, 5640.75, 251.746, 11.4903, 5.5, 132218, 0, 30.1315, 99268.4, 5, "NEP", "NE Pacific"
1994, 6, 21, 3, 0, 357, 5646.12, 230.3, 10.2848, 8.25, 209996, 0, 25.9617, 99949, 5, "NEP", "NE Pacific"
1994, 6, 22, 0, 0, 358, 5647, 71.2895, 22.6442, 3.5, 65096.8, 1, 39.0814, 97862.9, 3, "NI", "N Indian"
1994, 6, 29, 12, 0, 359, 5654.5, 238.544, 16.2481, 10.5, 186681, 3, 53.4608, 95894.5, 5, "NEP", "NE Pacific"
1994, 6, 29, 15, 0, 360, 5654.62, 146.518, 23.6578, 4.875, 151425, 0, 27.3448, 99438.6, 2, "NWP", "NW Pacific"
1994, 6, 30, 15, 0, 361, 5655.62, 273.786, 8.40041, 5.5, 109414, 0, 29.3442, 99879.4, 5, "NEP", "NE Pacific"
1994, 7, 2, 6, 0, 362, 5657.25, 253.204, 12.6502, 18.75, 432184, 3, 56.6189, 95255.1, 5, "NEP", "NE Pacific"
1994, 7, 7, 3, 0, 363, 5662.12, 248.349, 11.8889, 9.875, 185952, 2, 45.3981, 97020.7, 5, "NEP", "NE Pacific"
1994, 7, 10, 6, 0, 364, 5665.25, 250.284, 13.7622, 5.375, 123609, 2, 43.9394, 96733.8, 5, "NEP", "NE Pacific"
1994, 7, 10, 12, 0, 365, 5665.5, 77.0394, -8.15403, 8, 159438, 0, 26.3702, 99930.6, 0, "SI", "S Indian"
1994, 7, 10, 18, 0, 366, 5665.75, 204.734, 26.7832, 9, 251919, 1, 35.5321, 99263.7, 5, "NEP", "NE Pacific"
1994, 7, 12, 6, 0, 367, 5667.25, 273.431, 10.6963, 12.875, 365919, 3, 52.9273, 95951.4, 5, "NEP", "NE Pacific"
1994, 7, 16, 0, 0, 368, 5671, 276.086, 7.65577, 11.75, 315944, 3, 55.691, 96492.3, 5, "NEP", "NE Pacific"
1994, 7, 21, 12, 0, 369, 5676.5, 259.934, 9.20665, 26, 628514, 3, 54.5152, 96233.4, 5, "NEP", "NE Pacific"
1994, 7, 25, 18, 0, 370, 5680.75, 191.566, 28.2203, 10.75, 320500, 2, 44.1158, 97326.4, 5, "NEP", "NE Pacific"
1994, 7, 27, 3, 0, 371, 5682.12, 253.828, 13.0905, 16.25, 412143, 2, 47.1076, 97078.6, 5, "NEP", "NE Pacific"
1994, 8, 1, 3, 0, 372, 5687.12, 218.238, 13.8801, 11.375, 231618, 0, 28.4852, 99750.8, 5, "NEP", "NE Pacific"
1994, 8, 2, 6, 0, 373, 5688.25, 258.97, 8.89559, 31.25, 513639, 3, 56.0456, 95432.2, 5, "NEP", "NE Pacific"
1994, 8, 2, 15, 0, 374, 5688.62, 247.512, 9.95467, 17.125, 272286, 2, 45.1885, 97448.1, 5, "NEP", "NE Pacific"
1994, 8, 3, 15, 0, 375, 5689.62, 322.921, 12.0144, 9.375, 228908, 0, 23.1915, 100519, 4, "NA", "N Atlantic"
1994, 8, 6, 12, 0, 376, 5692.5, 288.682, 16.278, 4.875, 125753, 0, 28.4825, 99865.1, 4, "NA", "N Atlantic"
1994, 8, 8, 9, 0, 377, 5694.38, 259.613, 11.8891, 6.5, 160695, 1, 41.5182, 97476.1, 5, "NEP", "NE Pacific"
1994, 8, 15, 0, 0, 378, 5701, 169.66, -7.15859, 10.25, 156270, 1, 32.5932, 99181.1, 1, "SWP", "SW Pacific"
1994, 8, 15, 18, 0, 379, 5701.75, 249.375, 12.7901, 18.5, 429468, 4, 65.4847, 93782.1, 5, "NEP", "NE Pacific"
1994, 8, 18, 15, 0, 380, 5704.62, 169.56, -8.14757, 7, 116328, 1, 32.5267, 98579.6, 1, "SWP", "SW Pacific"
1994, 8, 21, 12, 0, 381, 5707.5, 238.053, 9.05034, 12.125, 369251, 3, 52.5382, 96128.2, 5, "NEP", "NE Pacific"
1994, 8, 22, 15, 0, 382, 5708.62, 67.182, -5.488, 5, 101410, 0, 26.7366, 100011, 0, "SI", "S Indian"
1994, 8, 25, 6, 0, 383, 5711.25, 317.419, 10.9473, 19.5, 413835, 4, 61.3567, 94205.9, 4, "NA", "N Atlantic"
1994, 8, 27, 21, 0, 384, 5713.88, 244.242, 14.6394, 7.375, 113556, 2, 42.8081, 97253.7, 5, "NEP", "NE Pacific"
1994, 8, 31, 6, 0, 385, 5717.25, 257.112, 9.43546, 5.625, 94052.6, 0, 31.7482, 99666.1, 5, "NEP", "NE Pacific"
1994, 9, 1, 15, 0, 386, 5718.62, 238.857, 7.93274, 7.375, 81006, 0, 27.4839, 99450.6, 5, "NEP", "NE Pacific"
1994, 9, 6, 3, 0, 387, 5723.12, 246.86, 16.0147, 23.75, 267457, 3, 57.1496, 94829.9, 5, "NEP", "NE Pacific"
1994, 9, 6, 21, 0, 388, 5723.88, 258.076, 8.27237, 19.75, 285241, 4, 61.0273, 93822.8, 5, "NEP", "NE Pacific"
1994, 9, 14, 0, 0, 389, 5731, 156.267, 18.6223, 7.625, 205945, 5, 76.8003, 88507.1, 2, "NWP", "NW Pacific"
1994, 9, 17, 12, 0, 390, 5734.5, 257.998, 14.9365, 10.125, 164774, 1, 35.4309, 98067.4, 5, "NEP", "NE Pacific"
1994, 9, 18, 0, 0, 391, 5735, 200.65, 11.7381, 15, 268769, 4, 60.7094, 94263.6, 5, "NEP", "NE Pacific"
1994, 9, 21, 9, 0, 392, 5738.38, 312.733, 29.887, 3.125, 64229.6, 0, 20.3837, 100231, 4, "NA", "N Atlantic"
1994, 9, 24, 12, 0, 393, 5741.5, 151.533, 13.6953, 15.875, 322015, 5, 69.8477, 89842.6, 2, "NWP", "NW Pacific"
1994, 9, 25, 15, 0, 394, 5742.62, 256.848, 14.6562, 14.5, 167859, 4, 68.1542, 91106.3, 5, "NEP", "NE Pacific"
1994, 9, 26, 21, 0, 395, 5743.88, 338.566, 12.8886, 16, 323781, 3, 50.3735, 95565.6, 4, "NA", "N Atlantic"
1994, 10, 3, 15, 0, 396, 5750.62, 52.2683, -5.29789, 2.875, 85058.7, 0, 25.7476, 100317, 0, "SI", "S Indian"
1994, 10, 4, 18, 0, 397, 5751.75, 169.027, 17.2299, 11.875, 279769, 2, 45.9001, 95803.4, 2, "NWP", "NW Pacific"
1994, 10, 5, 12, 0, 398, 5752.5, 182.889, 18.8057, 10.25, 224984, 4, 62.4663, 93146, 5, "NEP", "NE Pacific"
1994, 10, 6, 18, 0, 399, 5753.75, 74.395, 13.3487, 12.5, 108900, 0, 30.8969, 99554.8, 3, "NI", "N Indian"
1994, 10, 9, 6, 0, 400, 5756.25, 323.514, 7.4092, 6.5, 97919.8, 0, 25.5354, 100154, 4, "NA", "N Atlantic"
1994, 10, 11, 12, 0, 401, 5758.5, 157.175, 22.9882, 19.75, 346720, 3, 57.371, 93495.6, 2, "NWP", "NW Pacific"
1994, 11, 2, 12, 0, 402, 5780.5, 317.764, 12.3747, 13.375, 275726, 1, 39.0497, 98199.3, 4, "NA", "N Atlantic"
1994, 11, 2, 21, 0, 403, 5780.88, 234.209, 11.7623, 12.625, 152609, 1, 37.8373, 98636.2, 5, "NEP", "NE Pacific"
1994, 11, 7, 21, 0, 404, 5785.88, 255.641, 12.0978, 6.125, 72590.7, 0, 25.3299, 99616.8, 5, "NEP", "NE Pacific"
1994, 11, 8, 21, 0, 405, 5786.88, 333.165, 5.42535, 10.125, 200769, 0, 27.2945, 100059, 4, "NA", "N Atlantic"
1994, 11, 10, 12, 0, 406, 5788.5, 339.967, 7.00348, 4.75, 90679.2, 0, 26.7826, 100205, 4, "NA", "N Atlantic"
1994, 11, 15, 3, 0, 407, 5793.12, 270.928, 18.0056, 12.5, 180615, 3, 53.7809, 96245.8, 4, "NA", "N Atlantic"
1994, 11, 17, 0, 0, 408, 5795, 269.951, 8.61824, 11.5, 76118.3, 0, 25.7685, 99822.4, 5, "NEP", "NE Pacific"
1994, 11, 19, 9, 0, 409, 5797.38, 253.667, 10.7369, 10.75, 135997, 1, 36.931, 98853.9, 5, "NEP", "NE Pacific"
1994, 11, 19, 12, 0, 410, 5797.5, 239.316, 10.6437, 9.125, 63370, 0, 26.1923, 99922.2, 5, "NEP", "NE Pacific"
1994, 11, 27, 6, 0, 411, 5805.25, 280.892, 14.921, 3.5, 69815.4, 1, 36.4252, 98539.6, 4, "NA", "N Atlantic"
1994, 11, 27, 9, 0, 412, 5805.38, 82.3364, 10.6228, 9.625, 96773.9, 0, 29.6883, 99502.6, 3, "NI", "N Indian"
1994, 11, 29, 21, 0, 413, 5807.88, 257.803, 11.16, 8.125, 130648, 2, 43.0048, 98198.5, 5, "NEP", "NE Pacific"
1994, 12, 2, 6, 0, 414, 5810.25, 230.861, 8.3262, 3.75, 51743.5, 0, 25.3574, 99961, 5, "NEP", "NE Pacific"
1994, 12, 11, 6, 0, 415, 5819.25, 266.482, 5.36198, 11.625, 179272, 1, 39.567, 98050.3, 5, "NEP", "NE Pacific"
1994, 12, 12, 18, 0, 416, 5820.75, 241.825, 7.85626, 5.875, 78105.9, 0, 26.5142, 99822.7, 5, "NEP", "NE Pacific"
1994, 12, 15, 3, 0, 417, 5823.12, 87.1805, 7.63894, 8, 186245, 1, 36.0748, 98564.1, 3, "NI", "N Indian"
1994, 12, 15, 21, 0, 418, 5823.88, 123.538, -9.61453, 7.75, 143197, 0, 30.9907, 98976.9, 0, "SI", "S Indian"
1994, 12, 17, 21, 0, 419, 5825.88, 106.254, -8.78156, 11.25, 137003, 0, 30.6501, 98939.3, 0, "SI", "S Indian"
1994, 12, 26, 0, 0, 420, 5834, 244.075, 6.42273, 4.75, 112339, 0, 23.1281, 100364, 5, "NEP", "NE Pacific"
1994, 12, 27, 3, 0, 421, 5835.12, 56.5503, -11.8277, 6.25, 124598, 1, 41.4525, 97182.1, 0, "SI", "S Indian"
1994, 12, 27, 3, 0, 422, 5835.12, 218.451, 7.45074, 5, 95245.3, 0, 26.598, 99901, 5, "NEP", "NE Pacific"
1994, 12, 29, 21, 0, 423, 5837.88, 248.159, 5.90713, 7.25, 239298, 0, 29.879, 99725.2, 5, "NEP", "NE Pacific"
1994, 12, 30, 21, 0, 424, 5838.88, 82.7793, 5.53644, 7, 86545.2, 0, 27.7406, 99576.3, 3, "NI", "N Indian"
1994, 12, 31, 12, 0, 425, 5839.5, 256.678, 6.18307, 4.5, 131887, 0, 26.3696, 100219, 5, "NEP", "NE Pacific"
1994, 12, 31, 12, 0, 426, 5839.5, 264.631, 6.35915, 11.125, 192854, 0, 27.4634, 99900.7, 5, "NEP", "NE Pacific"
1995, 1, 1, 9, 0, 427, 5840.38, 65.3877, -5.42789, 9.5, 254015, 3, 53.6288, 95326, 0, "SI", "S Indian"
1995, 1, 3, 15, 0, 428, 5842.62, 180.741, 4.68145, 12.75, 344213, 2, 48.2052, 97702.1, 5, "NEP", "NE Pacific"
1995, 1, 27, 6, 0, 429, 5866.25, 156.851, -13.7522, 7.625, 142862, 4, 61.195, 93006.7, 1, "SWP", "SW Pacific"
1995, 1, 31, 9, 0, 430, 5870.38, 120.481, -16.6029, 8.25, 171059, 2, 43.9542, 96930, 0, "SI", "S Indian"
1995, 2, 3, 0, 0, 431, 5873, 92.1871, 3.04095, 7, 111170, 0, 28.1885, 99821.7, 3, "NI", "N Indian"
1995, 2, 13, 9, 0, 432, 5883.38, 81.8064, 8.69825, 7.125, 131189, 0, 27.0245, 100243, 3, "NI", "N Indian"
1995, 2, 14, 15, 0, 433, 5884.62, 155.888, 3.65499, 7.125, 163598, 0, 24.8186, 99860.1, 2, "NWP", "NW Pacific"
1995, 2, 15, 21, 0, 434, 5885.88, 179.375, 2.69883, 6.625, 168401, 0, 28.5344, 99682.3, 2, "NWP", "NW Pacific"
1995, 2, 21, 12, 0, 435, 5891.5, 116.385, -17.3325, 8.375, 161543, 3, 50.5413, 94997.5, 0, "SI", "S Indian"
1995, 2, 22, 15, 0, 436, 5892.62, 79.6334, -11.2741, 17, 228600, 1, 34.6916, 98621.4, 0, "SI", "S Indian"
1995, 2, 27, 6, 0, 437, 5897.25, 153.235, 8.23521, 8.25, 109067, 0, 29.8442, 99186.1, 2, "NWP", "NW Pacific"
1995, 4, 12, 12, 0, 438, 5941.5, 246.29, 7.05054, 7.625, 58911.6, 0, 29.671, 99646.1, 5, "NEP", "NE Pacific"
1995, 4, 15, 6, 0, 439, 5944.25, 208.328, 7.63565, 12.375, 285435, 1, 32.9183, 99173, 5, "NEP", "NE Pacific"
1995, 4, 20, 9, 0, 440, 5949.38, 245.017, 9.87716, 7.75, 60290.9, 0, 27.1867, 99677.7, 5, "NEP", "NE Pacific"
1995, 4, 26, 0, 0, 441, 5955, 262.898, 10.2832, 6.5, 129529, 0, 26.3748, 99729.3, 5, "NEP", "NE Pacific"
1995, 5, 6, 12, 0, 442, 5965.5, 255.647, 11.6437, 11.375, 152491, 1, 39.6258, 98664.2, 5, "NEP", "NE Pacific"
1995, 5, 7, 3, 0, 443, 5966.12, 267.476, 6.51109, 7.625, 88515.6, 0, 31.0814, 99281.7, 5, "NEP", "NE Pacific"
1995, 5, 13, 15, 0, 444, 5972.62, 217.125, 6.6735, 8.125, 155998, 0, 27.0321, 100238, 5, "NEP", "NE Pacific"
1995, 5, 14, 15, 0, 445, 5973.62, 200.378, 7.44583, 13.875, 256109, 0, 28.217, 99952.3, 5, "NEP", "NE Pacific"
1995, 5, 15, 3, 0, 446, 5974.12, 253.669, 8.56646, 7.375, 116920, 1, 40.4069, 98051.7, 5, "NEP", "NE Pacific"
1995, 5, 20, 21, 0, 447, 5979.88, 186.187, -13.5588, 6.125, 90844.6, 1, 32.8288, 98621.7, 1, "SWP", "SW Pacific"
1995, 5, 21, 9, 0, 448, 5980.38, 157.571, -8.47903, 14.25, 192942, 2, 42.9621, 97200.6, 1, "SWP", "SW Pacific"
1995, 5, 21, 21, 0, 449, 5980.88, 194.777, -13.5603, 6.875, 122936, 0, 32.2255, 99557.7, 1, "SWP", "SW Pacific"
1995, 6, 5, 6, 0, 450, 5995.25, 268.928, 11.1137, 11.75, 124473, 2, 46.1604, 97013.1, 5, "NEP", "NE Pacific"
1995, 6, 13, 15, 0, 451, 6003.62, 266.93, 11.1765, 6.75, 102199, 2, 45.5817, 97947.5, 5, "NEP", "NE Pacific"
1995, 6, 27, 18, 0, 452, 6017.75, 63.7696, 24.7252, 6.875, 93497, 1, 33.4299, 97483.9, 3, "NI", "N Indian"
1995, 6, 28, 0, 0, 453, 6018, 257.214, 16.7325, 4.75, 78185.5, 0, 26.993, 99676.2, 5, "NEP", "NE Pacific"
1995, 6, 30, 3, 0, 454, 6020.12, 207.963, 9.93476, 21.25, 401733, 2, 44.8309, 96930.6, 5, "NEP", "NE Pacific"
1995, 7, 6, 6, 0, 455, 6026.25, 130.758, 21.0372, 6.125, 136960, 1, 34.9354, 98480.8, 2, "NWP", "NW Pacific"
1995, 7, 8, 0, 0, 456, 6028, 259.514, 15.9278, 2.25, 63076.3, 3, 53.0396, 96767.2, 5, "NEP", "NE Pacific"
1995, 7, 12, 0, 0, 457, 6032, 211.37, 7.82525, 9.75, 167118, 0, 28.315, 99515.8, 5, "NEP", "NE Pacific"
1995, 7, 15, 15, 0, 458, 6035.62, 68.3101, 24.2869, 2.875, 52586.7, 1, 37.8591, 97277.4, 3, "NI", "N Indian"
1995, 7, 16, 0, 0, 459, 6036, 159.928, 25.9374, 14.25, 258305, 2, 46.4909, 96356, 2, "NWP", "NW Pacific"
1995, 7, 16, 9, 0, 460, 6036.38, 127.089, 16.1415, 6.875, 166193, 3, 53.888, 95883, 2, "NWP", "NW Pacific"
1995, 7, 22, 6, 0, 461, 6042.25, 261.688, 12.7374, 8.875, 200525, 3, 56.157, 95862.8, 5, "NEP", "NE Pacific"
1995, 7, 26, 15, 0, 462, 6046.62, 262.277, 14.8705, 10.75, 177478, 1, 40.491, 98054.2, 5, "NEP", "NE Pacific"
1995, 7, 28, 15, 0, 463, 6048.62, 221.665, 8.34729, 27.375, 486196, 5, 73.0479, 92261.5, 5, "NEP", "NE Pacific"
1995, 7, 29, 15, 0, 464, 6049.62, 320.128, 13.2161, 9.875, 275814, 4, 64.7422, 92983.1, 4, "NA", "N Atlantic"
1995, 8, 6, 15, 0, 465, 6057.62, 139.023, 25.979, 11.625, 190765, 5, 72.1866, 89632.7, 2, "NWP", "NW Pacific"
1995, 8, 11, 21, 0, 466, 6062.88, 286.538, 17.8815, 6, 141969, 0, 26.3184, 99498, 4, "NA", "N Atlantic"
1995, 8, 13, 6, 0, 467, 6064.25, 205.236, 9.24351, 5, 45262.1, 0, 29.7269, 99552.2, 5, "NEP", "NE Pacific"
1995, 8, 13, 12, 0, 468, 6064.5, 162.519, -9.26854, 5, 110947, 0, 26.3473, 99769.4, 1, "SWP", "SW Pacific"
1995, 8, 14, 12, 0, 469, 6065.5, 225.92, 11.9037, 5.875, 99187.2, 0, 26.3803, 99800.8, 5, "NEP", "NE Pacific"
1995, 8, 15, 9, 0, 470, 6066.38, 66.2263, -6.64327, 6.875, 157583, 0, 30.1148, 99803.1, 0, "SI", "S Indian"
1995, 8, 16, 9, 0, 471, 6067.38, 253.948, 14.2395, 16.875, 287715, 0, 31.3707, 98524.6, 5, "NEP", "NE Pacific"
1995, 8, 17, 9, 0, 472, 6068.38, 324.797, 14.1823, 9.25, 315357, 4, 69.1042, 92743.2, 4, "NA", "N Atlantic"
1995, 8, 20, 6, 0, 473, 6071.25, 93.4223, -6.01994, 7.125, 154428, 0, 22.7673, 100321, 0, "SI", "S Indian"
1995, 8, 21, 12, 0, 474, 6072.5, 264.762, 13.1568, 13.25, 281406, 3, 56.1779, 93901.3, 5, "NEP", "NE Pacific"
1995, 8, 30, 9, 0, 475, 6081.38, 275.249, 19.9372, 6.25, 96396.4, 4, 62.4583, 95203.6, 4, "NA", "N Atlantic"
1995, 9, 3, 12, 0, 476, 6085.5, 168.928, 14.6899, 10.375, 284235, 4, 65.869, 92863.3, 2, "NWP", "NW Pacific"
1995, 9, 10, 0, 0, 477, 6092, 225.577, 11.205, 3.5, 27957.1, 0, 24.7598, 99902.8, 5, "NEP", "NE Pacific"
1995, 9, 10, 12, 0, 478, 6092.5, 280.33, 10.4192, 10.875, 206287, 5, 71.4615, 91535.7, 4, "NA", "N Atlantic"
1995, 9, 12, 9, 0, 479, 6094.38, 69.5804, -7.87488, 5.375, 146367, 1, 32.7389, 99676.7, 0, "SI", "S Indian"
1995, 9, 15, 9, 0, 480, 6097.38, 346.4, 9.65253, 19.625, 430463, 4, 58.1993, 94500.4, 4, "NA", "N Atlantic"
1995, 9, 20, 3, 0, 481, 6102.12, 144.672, 10.2794, 10.125, 265603, 5, 71.6392, 90242, 2, "NWP", "NW Pacific"
1995, 9, 21, 12, 0, 482, 6103.5, 244.384, 14.0105, 5.125, 81266.9, 0, 32.4439, 98800.1, 5, "NEP", "NE Pacific"
1995, 9, 23, 21, 0, 483, 6105.88, 72.9271, 21.0557, 6.5, 115617, 3, 56.2123, 94840.9, 3, "NI", "N Indian"
1995, 9, 24, 6, 0, 484, 6106.25, 267.866, 10.7185, 4.125, 59167.6, 0, 31.5513, 98848.7, 5, "NEP", "NE Pacific"
1995, 9, 27, 0, 0, 485, 6109, 358.52, 11.8829, 14.625, 478485, 3, 57.2802, 93798.1, 4, "NA", "N Atlantic"
1995, 9, 30, 18, 0, 486, 6112.75, 252.812, 13.9442, 7.125, 111927, 0, 26.3549, 99348.3, 5, "NEP", "NE Pacific"
1995, 10, 1, 6, 0, 487, 6113.25, 192.723, 8.32508, 19.625, 423861, 5, 72.7301, 90989.4, 5, "NEP", "NE Pacific"
1995, 10, 5, 15, 0, 488, 6117.62, 210.707, 15.7565, 4.875, 92299.8, 0, 27.8032, 99753.2, 5, "NEP", "NE Pacific"
1995, 10, 7, 0, 0, 489, 6119, 223.434, 10.7973, 9.25, 88224.3, 0, 28.4854, 99557, 5, "NEP", "NE Pacific"
1995, 10, 12, 3, 0, 490, 6124.12, 250.755, 18.1318, 8.75, 141004, 3, 49.8447, 94932.4, 5, "NEP", "NE Pacific"
1995, 10, 16, 6, 0, 491, 6128.25, 121.969, 18.0813, 7, 105809, 3, 53.4265, 95584.5, 2, "NWP", "NW Pacific"
1995, 10, 16, 15, 0, 492, 6128.62, 267.369, 22.9076, 4.625, 161787, 1, 32.8872, 99632.7, 4, "NA", "N Atlantic"
1995, 10, 23, 12, 0, 493, 6135.5, 90, -7.39244, 10.875, 233960, 0, 26.5836, 99996.2, 0, "SI", "S Indian"
1995, 10, 30, 0, 0, 494, 6142, 255.91, 10.7214, 5.375, 128223, 0, 27.2373, 99632.2, 5, "NEP", "NE Pacific"
1995, 10, 31, 15, 0, 495, 6143.62, 319.5, 18.8973, 7.625, 295104, 2, 44.0464, 96957.2, 4, "NA", "N Atlantic"
1995, 11, 2, 3, 0, 496, 6145.12, 257.238, 8.23072, 8.625, 89884.9, 0, 24.8579, 100059, 5, "NEP", "NE Pacific"
1995, 11, 3, 18, 0, 497, 6146.75, 256.875, 9.50456, 6.625, 63915.7, 0, 23.9619, 100198, 5, "NEP", "NE Pacific"
1995, 11, 6, 9, 0, 498, 6149.38, 290.855, 21.117, 3.125, 58035.6, 0, 26.7472, 99947.6, 4, "NA", "N Atlantic"
1995, 11, 7, 0, 0, 499, 6150, 213.746, 14.493, 3.625, 64897, 0, 29.2787, 99758.5, 5, "NEP", "NE Pacific"
1995, 11, 13, 15, 0, 500, 6156.62, 255.372, 13.3406, 7.5, 134456, 2, 46.3307, 97600.2, 5, "NEP", "NE Pacific"
1995, 11, 21, 3, 0, 501, 6164.12, 92.1731, -10.2441, 14.875, 294105, 1, 36.7382, 98355.1, 0, "SI", "S Indian"
1995, 11, 24, 18, 0, 502, 6167.75, 130.272, -15.4236, 16, 324098, 0, 27.4225, 98598.1, 0, "SI", "S Indian"
1995, 11, 25, 18, 0, 503, 6168.75, 280, 8.56584, 4.875, 75965, 0, 32.4877, 99358.6, 4, "NA", "N Atlantic"
1995, 12, 3, 9, 0, 504, 6176.38, 73.9632, 4.66853, 13.375, 198060, 1, 36.757, 98639.5, 3, "NI", "N Indian"
1995, 12, 4, 12, 0, 505, 6177.5, 86.5756, -7.50591, 11, 120520, 0, 25.6016, 100011, 0, "SI", "S Indian"
1995, 12, 4, 15, 0, 506, 6177.62, 220.094, 10.0656, 7.375, 130067, 0, 24.4273, 100125, 5, "NEP", "NE Pacific"
1995, 12, 5, 0, 0, 507, 6178, 117.521, 10.1935, 4.875, 130209, 1, 38.9508, 98295.2, 2, "NWP", "NW Pacific"
1995, 12, 5, 6, 0, 508, 6178.25, 138.498, 7.01141, 8.375, 170953, 2, 47.9134, 97677, 2, "NWP", "NW Pacific"
1995, 12, 12, 12, 0, 509, 6185.5, 82.4606, 7.36161, 8.25, 159646, 0, 25.3416, 99778.5, 3, "NI", "N Indian"
1995, 12, 18, 0, 0, 510, 6191, 155.226, -15.5669, 7.25, 210420, 2, 47.4575, 95801.4, 1, "SWP", "SW Pacific"
1995, 12, 20, 9, 0, 511, 6193.38, 55.2356, -9.70334, 7.5, 112528, 2, 46.8473, 97279.3, 0, "SI", "S Indian"
1995, 12, 20, 9, 0, 512, 6193.38, 265.017, 7.12993, 7.875, 153195, 0, 25.2966, 100386, 5, "NEP", "NE Pacific"
1995, 12, 21, 21, 0, 513, 6194.88, 75.9698, -11.4473, 13.125, 165559, 1, 35.7425, 98388.9, 0, "SI", "S Indian"
1995, 12, 26, 3, 0, 514, 6199.12, 84.4289, -13.2351, 6.25, 114300, 0, 21.8784, 100076, 0, "SI", "S Indian"
1995, 12, 30, 18, 0, 515, 6203.75, 39.8996, -17.1301, 7.625, 106333, 2, 43.7169, 97081.1, 0, "SI", "S Indian"
1996, 1, 1, 15, 0, 516, 6205.62, 163.97, -21.0538, 10.875, 158008, 0, 28.5398, 99514.4, 1, "SWP", "SW Pacific"
1996, 1, 6, 9, 0, 517, 6210.38, 256.576, 7.63796, 10.25, 290364, 0, 28.3618, 99586.5, 5, "NEP", "NE Pacific"
1996, 1, 6, 12, 0, 518, 6210.5, 264.951, 8.89216, 11.25, 199281, 0, 24.4712, 100024, 5, "NEP", "NE Pacific"
1996, 1, 13, 3, 0, 519, 6217.12, 124.008, 7.85685, 7.5, 133907, 1, 34.1691, 98699, 2, "NWP", "NW Pacific"
1996, 1, 21, 9, 0, 520, 6225.38, 154.727, -16.2655, 8.25, 122198, 4, 65.8545, 93611.5, 1, "SWP", "SW Pacific"
1996, 1, 21, 9, 0, 521, 6225.38, 145.642, -12.6178, 4.875, 91875.9, 3, 49.4056, 98728.2, 1, "SWP", "SW Pacific"
1996, 1, 25, 0, 0, 522, 6229, 168.447, 5.26441, 6, 210187, 0, 25.3314, 100147, 2, "NWP", "NW Pacific"
1996, 1, 25, 18, 0, 523, 6229.75, 59.3852, -9.48972, 8.125, 141739, 4, 62.182, 93065.9, 0, "SI", "S Indian"
1996, 1, 31, 21, 0, 524, 6235.88, 75.625, -12.086, 11.125, 279102, 1, 42.0525, 96982.2, 0, "SI", "S Indian"
1996, 2, 8, 6, 0, 525, 6243.25, 39.624, -11.9147, 7.75, 148906, 2, 44.0211, 96893, 0, "SI", "S Indian"
1996, 2, 11, 0, 0, 526, 6246, 156.985, -13.5329, 5.125, 68509.2, 0, 30.9596, 98640.8, 1, "SWP", "SW Pacific"
1996, 2, 11, 15, 0, 527, 6246.62, 91.5629, -12.3814, 4.5, 109950, 1, 41.9491, 96493, 0, "SI", "S Indian"
1996, 2, 18, 6, 0, 528, 6253.25, 65.5286, -19.9432, 3.875, 109651, 2, 47.5358, 96419, 0, "SI", "S Indian"
1996, 2, 18, 6, 0, 529, 6253.25, 161.934, -17.896, 3.875, 59450.6, 4, 61.754, 94605.6, 1, "SWP", "SW Pacific"
1996, 2, 18, 6, 0, 530, 6253.25, 183.441, -14.6424, 2.375, 95583.8, 1, 36.268, 98250.6, 1, "SWP", "SW Pacific"
1996, 2, 18, 6, 0, 531, 6253.25, 77.3739, -12.9579, 3.875, 43766.5, 1, 37.0223, 98005.4, 0, "SI", "S Indian"
1996, 2, 24, 6, 0, 532, 6259.25, 69.0469, -19.0642, 9.125, 142884, 4, 61.9297, 93429.8, 0, "SI", "S Indian"
1996, 2, 27, 0, 0, 533, 6262, 166.547, -8.0798, 13.625, 326634, 4, 68.1444, 91101.7, 1, "SWP", "SW Pacific"
1996, 2, 28, 9, 0, 534, 6263.38, 184.692, 7.41046, 6.25, 203646, 0, 26.5898, 99922, 5, "NEP", "NE Pacific"
1996, 3, 12, 15, 0, 535, 6275.62, 48.2542, -12.9636, 16.375, 251230, 4, 62.8452, 93202.2, 0, "SI", "S Indian"
1996, 3, 14, 15, 0, 536, 6277.62, 96.0116, -11.9058, 13.125, 218223, 3, 55.445, 94571.4, 0, "SI", "S Indian"
1996, 4, 1, 9, 0, 537, 6295.38, 76.5032, -18.155, 3.5, 53711.8, 0, 24.5029, 99922.4, 0, "SI", "S Indian"
1996, 4, 4, 21, 0, 538, 6298.88, 234.088, -6.19171, 20.375, 365581, 2, 48.1885, 96428.7, 6, "SEP", "SE Pacific"
1996, 4, 8, 12, 0, 539, 6302.5, 149.675, -15.3976, 20.625, 501661, 2, 43.5017, 98052.2, 1, "SWP", "SW Pacific"
1996, 4, 23, 9, 0, 540, 6317.38, 272.513, 7.39191, 21, 270964, 1, 41.6236, 98572.7, 5, "NEP", "NE Pacific"
1996, 4, 26, 12, 0, 541, 6320.5, 254.05, 8.34857, 11.75, 89094.9, 1, 35.6841, 99196.7, 5, "NEP", "NE Pacific"
1996, 5, 5, 12, 0, 542, 6329.5, 200.34, 6.91584, 5.875, 88877.6, 0, 25.9753, 100246, 5, "NEP", "NE Pacific"
1996, 5, 18, 12, 0, 543, 6342.5, 246.27, 10.6435, 5, 49334.1, 0, 23.9218, 99995.8, 5, "NEP", "NE Pacific"
1996, 5, 18, 15, 0, 544, 6342.62, 81.1606, -8.58087, 12.75, 151977, 1, 36.4053, 98624.7, 0, "SI", "S Indian"
1996, 5, 23, 0, 0, 545, 6347, 256.592, 7.99612, 10.75, 164294, 3, 56.1691, 96341.1, 5, "NEP", "NE Pacific"
1996, 5, 24, 15, 0, 546, 6348.62, 276.297, 14.9094, 3.875, 51322.3, 0, 31.5513, 99490.5, 4, "NA", "N Atlantic"
1996, 5, 24, 21, 0, 547, 6348.88, 240.919, 11.5354, 8.375, 89627.6, 1, 33.6426, 99332.2, 5, "NEP", "NE Pacific"
1996, 5, 29, 18, 0, 548, 6353.75, 262.814, 15.1606, 11.375, 143881, 2, 44.7537, 96282, 5, "NEP", "NE Pacific"
1996, 6, 12, 6, 0, 549, 6367.25, 254.225, 9.74006, 13.375, 278933, 2, 43.8732, 97204.5, 5, "NEP", "NE Pacific"
1996, 6, 16, 0, 0, 550, 6371, 64.3144, 21.6945, 3.375, 82117.2, 0, 30.5288, 98214.5, 3, "NI", "N Indian"
1996, 6, 18, 6, 0, 551, 6373.25, 253.344, 9.93537, 19.5, 379319, 2, 47.4893, 96787.4, 5, "NEP", "NE Pacific"
1996, 6, 22, 12, 0, 552, 6377.5, 251.25, 13.9635, 22.375, 446157, 2, 45.4857, 97417.7, 5, "NEP", "NE Pacific"
1996, 6, 25, 0, 0, 553, 6380, 265.002, 12.0439, 9.125, 155228, 4, 61.8984, 94118.2, 5, "NEP", "NE Pacific"
1996, 6, 29, 21, 0, 554, 6384.88, 262.174, 11.2379, 26.25, 448788, 3, 57.3031, 94744.1, 5, "NEP", "NE Pacific"
1996, 7, 11, 21, 0, 555, 6396.88, 143.55, 32.5368, 6, 161002, 0, 23.356, 99787.6, 2, "NWP", "NW Pacific"
1996, 7, 14, 15, 0, 556, 6399.62, 246.957, 14.0464, 7.125, 164914, 0, 29.6286, 99628.2, 5, "NEP", "NE Pacific"
1996, 7, 19, 9, 0, 557, 6404.38, 238.768, 11.507, 12.125, 217995, 2, 42.8961, 97685.1, 5, "NEP", "NE Pacific"
1996, 7, 20, 15, 0, 558, 6405.62, 252.045, 13.9556, 12.375, 273609, 1, 38.5385, 97684.3, 5, "NEP", "NE Pacific"
1996, 7, 25, 3, 0, 559, 6410.12, 251.142, 12.4646, 6.5, 113189, 0, 28.8894, 99769.7, 5, "NEP", "NE Pacific"
1996, 7, 25, 12, 0, 560, 6410.5, 124.276, 22.855, 5.875, 125253, 3, 55.1519, 94612.8, 2, "NWP", "NW Pacific"
1996, 7, 28, 0, 0, 561, 6413, 109.772, -8.3377, 4.75, 82998.9, 0, 26.1997, 99973.7, 0, "SI", "S Indian"
1996, 7, 29, 3, 0, 562, 6414.12, 309.373, 15.1866, 8.5, 306190, 3, 54.7363, 94638.9, 4, "NA", "N Atlantic"
1996, 8, 2, 6, 0, 563, 6418.25, 247.337, 17.3483, 5.375, 68988.3, 0, 22.8507, 99628.1, 5, "NEP", "NE Pacific"
1996, 8, 2, 12, 0, 564, 6418.5, 154.39, 23.562, 11.75, 310714, 1, 35.1679, 98332.7, 2, "NWP", "NW Pacific"
1996, 8, 4, 15, 0, 565, 6420.62, 184.001, 22.4972, 9.25, 257983, 2, 45.1851, 97215.6, 5, "NEP", "NE Pacific"
1996, 8, 4, 18, 0, 566, 6420.75, 258.247, 11.1435, 8, 167247, 2, 45.3226, 96710.7, 5, "NEP", "NE Pacific"
1996, 8, 18, 0, 0, 567, 6434, 160.675, 17.363, 11.5, 293341, 5, 74.4958, 88115.2, 2, "NWP", "NW Pacific"
1996, 8, 21, 18, 0, 568, 6437.75, 213.052, 13.3357, 7.625, 147265, 0, 27.8306, 99740.5, 5, "NEP", "NE Pacific"
1996, 8, 22, 0, 0, 569, 6438, 176.661, 29.5251, 5, 168808, 0, 31.5408, 99356.9, 2, "NWP", "NW Pacific"
1996, 8, 25, 6, 0, 570, 6441.25, 300.076, 18.3568, 8.625, 233791, 4, 59.4141, 94325.1, 4, "NA", "N Atlantic"
1996, 8, 25, 21, 0, 571, 6441.88, 219.809, 15.9931, 16.5, 389800, 2, 43.4666, 97177.7, 5, "NEP", "NE Pacific"
1996, 8, 26, 0, 0, 572, 6442, 238.106, 14.1495, 7.25, 158427, 1, 37.6015, 97695.2, 5, "NEP", "NE Pacific"
1996, 8, 29, 15, 0, 573, 6445.62, 244.335, 10.0209, 7.375, 134928, 2, 44.507, 97760.3, 5, "NEP", "NE Pacific"
1996, 8, 30, 18, 0, 574, 6446.75, 71.4241, -5.82541, 8.625, 195267, 1, 34.586, 98699, 0, "SI", "S Indian"
1996, 8, 31, 3, 0, 575, 6447.12, 329.324, 17.4424, 10.75, 335740, 3, 53.7399, 95183.8, 4, "NA", "N Atlantic"
1996, 9, 2, 3, 0, 576, 6449.12, 219.846, 7.95131, 13.5, 209803, 0, 25.8204, 99846.5, 5, "NEP", "NE Pacific"
1996, 9, 2, 9, 0, 577, 6449.38, 167.088, 16.7451, 5.375, 136346, 0, 24.7217, 99773, 2, "NWP", "NW Pacific"
1996, 9, 6, 12, 0, 578, 6453.5, 245.73, 14.0057, 14.125, 204787, 2, 45.4739, 96336.5, 5, "NEP", "NE Pacific"
1996, 9, 16, 9, 0, 579, 6463.38, 154.073, 5.7484, 4.875, 143877, 0, 27.0461, 99145.2, 2, "NWP", "NW Pacific"
1996, 9, 17, 6, 0, 580, 6464.25, 204.958, 15.9593, 14.625, 202084, 0, 24.6444, 99887.4, 5, "NEP", "NE Pacific"
1996, 9, 21, 18, 0, 581, 6468.75, 341.112, 14.05, 17, 309878, 3, 56.9634, 94284.5, 4, "NA", "N Atlantic"
1996, 9, 21, 21, 0, 582, 6468.88, 245.217, 12.8175, 9.625, 119757, 2, 47.2228, 96862.6, 5, "NEP", "NE Pacific"
1996, 9, 21, 21, 0, 583, 6468.88, 360.024, 13.6046, 21.5, 406923, 2, 45.1388, 96958, 4, "NA", "N Atlantic"
1996, 9, 22, 21, 0, 584, 6469.88, 192.419, 28.2884, 3.75, 118562, 0, 29.5389, 100210, 5, "NEP", "NE Pacific"
1996, 9, 23, 21, 0, 585, 6470.88, 232.401, 10.5304, 8.75, 156273, 0, 27.5104, 99717.7, 5, "NEP", "NE Pacific"
1996, 9, 24, 9, 0, 586, 6471.38, 256.546, 13.1884, 6.25, 102918, 1, 40.3212, 98191, 5, "NEP", "NE Pacific"
1996, 9, 25, 15, 0, 587, 6472.62, 55.9937, -4.03536, 4.125, 31804.4, 0, 24.7444, 100138, 0, "SI", "S Indian"
1996, 9, 26, 15, 0, 588, 6473.62, 71.6005, -9.39203, 8.875, 110885, 0, 26.0472, 99889.5, 0, "SI", "S Indian"
1996, 9, 26, 21, 0, 589, 6473.88, 314.791, 28.252, 8.375, 254318, 2, 44.6263, 97176.9, 4, "NA", "N Atlantic"
1996, 9, 30, 0, 0, 590, 6477, 232.874, 13.0939, 10.75, 122755, 0, 29.4071, 99242.1, 5, "NEP", "NE Pacific"
1996, 10, 4, 15, 0, 591, 6481.62, 255.307, 17.5356, 6.125, 88494, 2, 47.2312, 96977.1, 5, "NEP", "NE Pacific"
1996, 10, 11, 21, 0, 592, 6488.88, 87.6009, -6.66159, 9.25, 132513, 0, 29.2115, 99552.1, 0, "SI", "S Indian"
1996, 10, 12, 15, 0, 593, 6489.62, 152.709, 18.3414, 10.5, 341165, 4, 59.0508, 92193.8, 2, "NWP", "NW Pacific"
1996, 10, 14, 3, 0, 594, 6491.12, 346.337, 10.3342, 24, 521030, 4, 59.5738, 93987.2, 4, "NA", "N Atlantic"
1996, 10, 16, 0, 0, 595, 6493, 166.498, 14.2827, 12.375, 306933, 4, 66.8633, 91623.1, 2, "NWP", "NW Pacific"
1996, 10, 18, 12, 0, 596, 6495.5, 90.9084, -10.6668, 6.875, 93049.9, 0, 27.0772, 99820.7, 0, "SI", "S Indian"
1996, 10, 19, 0, 0, 597, 6496, 341.248, 12.8579, 7.375, 183391, 0, 27.3357, 99884.1, 4, "NA", "N Atlantic"
1996, 10, 20, 9, 0, 598, 6497.38, 316.274, 30.1082, 10.875, 279696, 1, 38.3181, 97377.4, 4, "NA", "N Atlantic"
1996, 10, 22, 9, 0, 599, 6499.38, 86.1188, -12.9005, 5.5, 73635.9, 0, 24.9131, 100082, 0, "SI", "S Indian"
1996, 10, 23, 15, 0, 600, 6500.62, 281.614, 7.24078, 8.875, 203401, 2, 42.8537, 97608.4, 5, "NEP", "NE Pacific"
1996, 10, 30, 0, 0, 601, 6507, 130.831, 9.39, 8, 212861, 1, 33.3956, 98836.5, 2, "NWP", "NW Pacific"
1996, 10, 31, 18, 0, 602, 6508.75, 256.017, 12.0641, 4.375, 48328.4, 0, 26.6447, 99637.6, 5, "NEP", "NE Pacific"
1996, 11, 5, 6, 0, 603, 6513.25, 249.391, 13.1288, 4.875, 83546.8, 0, 28.6402, 99486.1, 5, "NEP", "NE Pacific"
1996, 11, 6, 3, 0, 604, 6514.12, 141.239, 11.8225, 7.875, 114348, 3, 51.3325, 96782, 2, "NWP", "NW Pacific"
1996, 11, 6, 12, 0, 605, 6514.5, 127.596, 19.6895, 6.875, 127959, 0, 30.864, 99245.7, 2, "NWP", "NW Pacific"
1996, 11, 7, 6, 0, 606, 6515.25, 97.7431, 11.8765, 5.875, 133328, 0, 28.8386, 99832.1, 3, "NI", "N Indian"
1996, 11, 10, 15, 0, 607, 6518.62, 191.288, 9.30065, 7.25, 172968, 0, 28.777, 99789.9, 5, "NEP", "NE Pacific"
1996, 11, 12, 3, 0, 608, 6520.12, 280.926, 12.2938, 6.625, 190164, 1, 34.7095, 98222.1, 4, "NA", "N Atlantic"
1996, 11, 13, 0, 0, 609, 6521, 241.815, 10.8599, 6.375, 97261.7, 0, 28.692, 99339.8, 5, "NEP", "NE Pacific"
1996, 11, 13, 9, 0, 610, 6521.38, 148.693, 6.91493, 7, 178968, 2, 44.3997, 96646.6, 2, "NWP", "NW Pacific"
1996, 11, 15, 12, 0, 611, 6523.5, 12.3478, 40.1289, 5.625, 112309, 0, 27.2641, 99293, 4, "NA", "N Atlantic"
1996, 11, 16, 3, 0, 612, 6524.12, 215.863, 8.99569, 6.875, 141271, 1, 32.7581, 99568.3, 5, "NEP", "NE Pacific"
1996, 11, 16, 6, 0, 613, 6524.25, 103.061, -10.8635, 7, 102634, 0, 28.0167, 99455.5, 0, "SI", "S Indian"
1996, 11, 28, 3, 0, 614, 6536.12, 114.104, 13.7667, 13.5, 264322, 0, 29.5537, 99104.9, 2, "NWP", "NW Pacific"
1996, 12, 1, 0, 0, 615, 6539, 267.281, 6.43432, 3.25, 30460.8, 0, 22.8554, 99984.7, 5, "NEP", "NE Pacific"
1996, 12, 2, 6, 0, 616, 6540.25, 132.166, 15.1565, 4, 58198.8, 0, 27.8561, 99691.4, 2, "NWP", "NW Pacific"
1996, 12, 4, 6, 0, 617, 6542.25, 150.78, -14.7663, 3.75, 77818, 1, 35.8724, 98594.9, 1, "SWP", "SW Pacific"
1996, 12, 7, 3, 0, 618, 6545.12, 65.0082, -14.5018, 14.625, 294193, 4, 60.6979, 92608, 0, "SI", "S Indian"
1996, 12, 8, 21, 0, 619, 6546.88, 118.707, -14.3931, 12.125, 221211, 2, 44.3942, 95635.7, 0, "SI", "S Indian"
1996, 12, 13, 21, 0, 620, 6551.88, 151.51, 10.6212, 6.875, 140806, 0, 30.1049, 99096.1, 2, "NWP", "NW Pacific"
1996, 12, 20, 3, 0, 621, 6558.12, 186.06, 7.36696, 5.75, 137974, 0, 27.5547, 99816.4, 5, "NEP", "NE Pacific"
1996, 12, 31, 15, 0, 622, 6569.62, 84.4066, -6.70664, 11.375, 193426, 0, 27.1034, 99538.7, 0, "SI", "S Indian"
1997, 1, 6, 3, 0, 623, 6575.12, 162.551, 7.12749, 12.375, 275416, 1, 39.9878, 97660.6, 2, "NWP", "NW Pacific"
1997, 1, 23, 6, 0, 624, 6592.25, 147.149, 9.01955, 6.625, 192680, 0, 31.9422, 98848.4, 2, "NWP", "NW Pacific"
1997, 1, 23, 21, 0, 625, 6592.88, 114.861, 7.9785, 15.625, 319600, 1, 35.041, 99393.7, 2, "NWP", "NW Pacific"
1997, 1, 27, 0, 0, 626, 6596, 39.1082, -20.5669, 9.125, 152060, 4, 65.9393, 93869, 0, "SI", "S Indian"
1997, 1, 30, 3, 0, 627, 6599.12, 110.562, 7.68491, 8, 108412, 0, 25.418, 99747.3, 2, "NWP", "NW Pacific"
1997, 1, 31, 6, 0, 628, 6600.25, 74.1854, -12.8105, 10.125, 273921, 2, 45.2923, 97005.1, 0, "SI", "S Indian"
1997, 1, 31, 9, 0, 629, 6600.38, 55.4422, -13.7731, 19.125, 272765, 2, 46.3062, 96173, 0, "SI", "S Indian"
1997, 2, 3, 6, 0, 630, 6603.25, 123.648, -18.4522, 28.625, 527585, 3, 49.2413, 96081.8, 0, "SI", "S Indian"
1997, 2, 5, 9, 0, 631, 6605.38, 36.3436, -15.0827, 14.125, 246420, 4, 67.2778, 92137.4, 0, "SI", "S Indian"
1997, 2, 6, 15, 0, 632, 6606.62, 264.418, 5.37136, 6.25, 114055, 0, 24.5566, 100341, 5, "NEP", "NE Pacific"
1997, 2, 21, 18, 0, 633, 6621.75, 163.818, 5.4714, 17.25, 388606, 1, 32.6156, 99276.9, 2, "NWP", "NW Pacific"
1997, 2, 25, 9, 0, 634, 6625.38, 156.259, -10.2532, 14, 180073, 2, 47.9432, 96314.2, 1, "SWP", "SW Pacific"
1997, 2, 28, 6, 0, 635, 6628.25, 118.588, -17.4999, 9.125, 128099, 0, 26.1546, 98875.3, 0, "SI", "S Indian"
1997, 3, 3, 15, 0, 636, 6631.62, 123.927, -18.2723, 32, 476591, 1, 41.0961, 97517.1, 0, "SI", "S Indian"
1997, 3, 6, 21, 0, 637, 6634.88, 131.202, -11.406, 7.375, 147383, 4, 60.3004, 95020.2, 0, "SI", "S Indian"
1997, 3, 9, 3, 0, 638, 6637.12, 42.9268, -27.88, 5.75, 93236.7, 1, 36.0663, 98797.9, 0, "SI", "S Indian"
1997, 3, 20, 3, 0, 639, 6648.12, 136.777, -10.0108, 11.125, 151694, 1, 37.3985, 98398, 1, "SWP", "SW Pacific"
1997, 5, 3, 12, 0, 640, 6692.5, 82.4041, 14.0161, 5.75, 117296, 0, 29.9313, 98865.6, 3, "NI", "N Indian"
1997, 5, 3, 18, 0, 641, 6692.75, 142.75, 7.86789, 9.375, 225858, 2, 44.1486, 97065.7, 2, "NWP", "NW Pacific"
1997, 5, 5, 21, 0, 642, 6694.88, 75.7731, -9.15749, 8, 188923, 0, 25.4448, 100416, 0, "SI", "S Indian"
1997, 5, 14, 6, 0, 643, 6703.25, 159.554, 10.7633, 11.25, 212595, 3, 52.3155, 95180.9, 2, "NWP", "NW Pacific"
1997, 6, 1, 12, 0, 644, 6721.5, 67.0884, 18.5852, 6.375, 99727.9, 2, 46.4701, 95857, 3, "NI", "N Indian"
1997, 6, 2, 15, 0, 645, 6722.62, 159.062, 7.62712, 14.875, 366426, 2, 48.9121, 96313, 2, "NWP", "NW Pacific"
1997, 6, 15, 0, 0, 646, 6735, 165.903, 11.4381, 10.5, 333023, 5, 71.1458, 93463.5, 2, "NWP", "NW Pacific"
1997, 6, 15, 15, 0, 647, 6735.62, 133.507, 12.3557, 6.5, 141304, 0, 31.2557, 99230.6, 2, "NWP", "NW Pacific"
1997, 6, 15, 21, 0, 648, 6735.88, 201.951, 7.74449, 17.125, 397990, 4, 60.6504, 94119.9, 5, "NEP", "NE Pacific"
1997, 6, 27, 21, 0, 649, 6747.88, 162.19, 8.97803, 12.625, 251555, 4, 61.4629, 93384.2, 2, "NWP", "NW Pacific"
1997, 7, 3, 18, 0, 650, 6753.75, 238.305, 7.86218, 20.75, 649327, 5, 77.8243, 88648.3, 5, "NEP", "NE Pacific"
1997, 7, 5, 6, 0, 651, 6755.25, 144.414, 20.4298, 8.5, 229165, 4, 61.5879, 93220.6, 2, "NWP", "NW Pacific"
1997, 7, 12, 3, 0, 652, 6762.12, 228.255, 9.96314, 16.75, 449829, 1, 41.0317, 97313, 5, "NEP", "NE Pacific"
1997, 7, 13, 6, 0, 653, 6763.25, 156.517, 24.8063, 6.75, 162579, 0, 30.7217, 99221.9, 2, "NWP", "NW Pacific"
1997, 7, 20, 12, 0, 654, 6770.5, 167.619, 24.9834, 11, 280774, 1, 33.185, 98883.5, 2, "NWP", "NW Pacific"
1997, 7, 20, 18, 0, 655, 6770.75, 165.247, 11.5119, 15.125, 313812, 2, 47.8792, 96637.6, 2, "NWP", "NW Pacific"
1997, 7, 28, 0, 0, 656, 6778, 178.51, 11.8343, 16.25, 360686, 3, 54.3094, 95097.8, 2, "NWP", "NW Pacific"
1997, 7, 28, 12, 0, 657, 6778.5, 223.672, 13.6544, 15.875, 437752, 1, 33.6463, 99580.5, 5, "NEP", "NE Pacific"
1997, 7, 31, 12, 0, 658, 6781.5, 261.922, 9.46106, 17.875, 490561, 3, 54.7252, 95230.1, 5, "NEP", "NE Pacific"
1997, 8, 7, 0, 0, 659, 6788, 262.518, 5.3101, 10.75, 323697, 1, 37.6496, 98807, 5, "NEP", "NE Pacific"
1997, 8, 12, 9, 0, 660, 6793.38, 307.173, 19.4827, 11.375, 335475, 3, 51.4369, 96296, 4, "NA", "N Atlantic"
1997, 8, 13, 12, 0, 661, 6794.5, 206.68, 13.719, 14.375, 313992, 4, 63.4782, 93506, 5, "NEP", "NE Pacific"
1997, 8, 15, 6, 0, 662, 6796.25, 324.451, 17.3791, 6.875, 269430, 2, 46.2152, 97268, 4, "NA", "N Atlantic"
1997, 8, 17, 12, 0, 663, 6798.5, 272.732, 8.87102, 13.125, 272284, 3, 50.2876, 95340.2, 5, "NEP", "NE Pacific"
1997, 8, 19, 9, 0, 664, 6800.38, 255.992, 8.63947, 7, 148322, 3, 49.2994, 97499.5, 5, "NEP", "NE Pacific"
1997, 8, 19, 21, 0, 665, 6800.88, 233.45, 14.9228, 18, 384200, 1, 37.5704, 97700.8, 5, "NEP", "NE Pacific"
1997, 8, 22, 9, 0, 666, 6803.38, 330.911, 11.5726, 13.625, 421882, 4, 58.1677, 94197.2, 4, "NA", "N Atlantic"
1997, 8, 27, 15, 0, 667, 6808.62, 155.643, 25.4864, 13.875, 260703, 4, 64.3452, 94131.1, 2, "NWP", "NW Pacific"
1997, 8, 31, 3, 0, 668, 6812.12, 169.253, -7.80235, 10.125, 184365, 1, 32.9436, 99070.2, 1, "SWP", "SW Pacific"
1997, 9, 1, 18, 0, 669, 6813.75, 317.974, 21.7598, 11.125, 433410, 2, 47.0346, 96219.7, 4, "NA", "N Atlantic"
1997, 9, 2, 15, 0, 670, 6814.62, 234.06, 13.7153, 19.75, 413148, 3, 55.5681, 93962.5, 5, "NEP", "NE Pacific"
1997, 9, 3, 3, 0, 671, 6815.12, 342.262, 15.1278, 8.875, 227295, 1, 34.908, 98463, 4, "NA", "N Atlantic"
1997, 9, 5, 9, 0, 672, 6817.38, 240.341, 15.3381, 26.125, 423858, 3, 49.5684, 96965.9, 5, "NEP", "NE Pacific"
1997, 9, 13, 9, 0, 673, 6825.38, 337.169, 12.5099, 16.125, 404898, 3, 56.8759, 94715.2, 4, "NA", "N Atlantic"
1997, 9, 15, 12, 0, 674, 6827.5, 251.74, 10.7906, 23.375, 438350, 3, 56.3021, 93392.9, 5, "NEP", "NE Pacific"
1997, 9, 18, 3, 0, 675, 6830.12, 323.338, 10.1544, 15.25, 286970, 0, 28.9617, 99377.4, 4, "NA", "N Atlantic"
1997, 9, 18, 3, 0, 676, 6830.12, 118.783, 17.6804, 9, 96160.6, 2, 44.8793, 97585.6, 2, "NWP", "NW Pacific"
1997, 9, 18, 3, 0, 677, 6830.12, 294.753, 18.2186, 15.5, 319923, 3, 54.6879, 94124.6, 4, "NA", "N Atlantic"
1997, 9, 22, 9, 0, 678, 6834.38, 267.652, 10.6367, 7.5, 199724, 2, 47.0262, 96771.9, 5, "NEP", "NE Pacific"
1997, 9, 23, 3, 0, 679, 6835.12, 347.188, 9.73924, 26.125, 430267, 4, 59.3673, 94947.2, 4, "NA", "N Atlantic"
1997, 9, 27, 21, 0, 680, 6839.88, 340.679, 8.6178, 8.875, 143954, 0, 29.8594, 99476.8, 4, "NA", "N Atlantic"
1997, 10, 4, 3, 0, 681, 6846.12, 265.243, 12.8024, 7.375, 119559, 1, 32.7795, 98941.4, 5, "NEP", "NE Pacific"
1997, 10, 5, 21, 0, 682, 6847.88, 353.596, 11.1744, 13.875, 383593, 3, 54.7461, 95690.6, 4, "NA", "N Atlantic"
1997, 10, 9, 3, 0, 683, 6851.12, 277.244, 10.4574, 3.5, 56499, 0, 30.9915, 99308.1, 4, "NA", "N Atlantic"
1997, 10, 9, 21, 0, 684, 6851.88, 250.19, 12.957, 11.625, 169506, 1, 38.9751, 97528, 5, "NEP", "NE Pacific"
1997, 10, 10, 12, 0, 685, 6852.5, 199.474, 31.7471, 13.5, 262024, 4, 60.1387, 93338.9, 5, "NEP", "NE Pacific"
1997, 10, 16, 15, 0, 686, 6858.62, 159.082, 20.2898, 21.5, 400356, 3, 57.8776, 93952.2, 2, "NWP", "NW Pacific"
1997, 10, 19, 18, 0, 687, 6861.75, 335.56, 8.43641, 12.375, 185031, 0, 29.0968, 99298.7, 4, "NA", "N Atlantic"
1997, 10, 26, 3, 0, 688, 6868.12, 278.101, 9.05663, 4.75, 156808, 2, 46.9335, 96239.7, 4, "NA", "N Atlantic"
1997, 10, 30, 12, 0, 689, 6872.5, 328.992, 9.62594, 9.625, 213011, 0, 28.3759, 99746.6, 4, "NA", "N Atlantic"
1997, 11, 14, 6, 0, 690, 6887.25, 178.407, -13.2767, 9.25, 177888, 1, 36.5324, 98107.2, 1, "SWP", "SW Pacific"
1997, 11, 16, 18, 0, 691, 6889.75, 86.3018, 11.3057, 5.75, 41766.8, 0, 26.7903, 99925.3, 3, "NI", "N Indian"
1997, 11, 18, 12, 0, 692, 6891.5, 231.945, 6.84764, 22.375, 353783, 1, 40.0664, 98426.9, 5, "NEP", "NE Pacific"
1997, 11, 21, 3, 0, 693, 6894.12, 242.147, 10.0033, 11.625, 263808, 1, 41.4209, 97184.4, 5, "NEP", "NE Pacific"
1997, 11, 22, 18, 0, 694, 6895.75, 80.6596, 10.2269, 3.875, 84750.7, 0, 26.8327, 99868.6, 3, "NI", "N Indian"
1997, 11, 27, 3, 0, 695, 6900.12, 65.9249, 5.99572, 5, 109459, 1, 37.0615, 99031.6, 3, "NI", "N Indian"
1997, 11, 28, 0, 0, 696, 6901, 253.167, 9.14165, 6.25, 91953.8, 2, 42.8452, 97314.5, 5, "NEP", "NE Pacific"
1997, 12, 21, 0, 0, 697, 6924, 119.777, -19.8563, 12, 173757, 1, 34.573, 97776.4, 0, "SI", "S Indian"
1997, 12, 26, 18, 0, 698, 6929.75, 195.532, 3.51003, 3.625, 59229.4, 1, 33.1369, 98938.8, 5, "NEP", "NE Pacific"
1998, 1, 1, 12, 0, 699, 6935.5, 227.305, 3.95001, 7, 149473, 0, 24.7611, 99805, 5, "NEP", "NE Pacific"
1998, 1, 6, 15, 0, 700, 6940.62, 161.617, -13.6038, 9.125, 218253, 4, 58.9459, 93018.7, 1, "SWP", "SW Pacific"
1998, 1, 8, 21, 0, 701, 6942.88, 43.6165, -20.3874, 6.875, 167921, 1, 38.2755, 98481.3, 0, "SI", "S Indian"
1998, 1, 21, 18, 0, 702, 6955.75, 37.6933, -19.8477, 7.75, 124321, 1, 37.6984, 98314.2, 0, "SI", "S Indian"
1998, 1, 25, 3, 0, 703, 6959.12, 221.364, 2.44504, 2.625, 37832.5, 1, 35.062, 99021, 5, "NEP", "NE Pacific"
1998, 1, 26, 21, 0, 704, 6960.88, 218.718, -15.4793, 5.125, 123996, 1, 35.6385, 97810.2, 6, "SEP", "SE Pacific"
1998, 1, 30, 6, 0, 705, 6964.25, 151.084, -16.8213, 17, 360735, 3, 54.1471, 95608.6, 1, "SWP", "SW Pacific"
1998, 1, 31, 18, 0, 706, 6965.75, 177.409, -11.4783, 8.125, 172661, 0, 28.7815, 99180.6, 1, "SWP", "SW Pacific"
1998, 2, 9, 6, 0, 707, 6974.25, 154.53, -19.0831, 17.875, 203684, 1, 36.2887, 98321.6, 1, "SWP", "SW Pacific"
1998, 2, 13, 15, 0, 708, 6978.62, 209.64, -8.97647, 4.5, 60812.5, 0, 28.4754, 99105.9, 1, "SWP", "SW Pacific"
1998, 2, 16, 12, 0, 709, 6981.5, 124.506, -16.118, 14.375, 288343, 1, 34.3798, 98673.1, 0, "SI", "S Indian"
1998, 2, 16, 12, 0, 710, 6981.5, 196.571, -11.3643, 10.875, 177013, 3, 52.879, 94431.3, 1, "SWP", "SW Pacific"
1998, 2, 19, 0, 0, 711, 6984, 140.085, -13.8118, 4.25, 44745, 0, 27.6233, 99153.2, 1, "SWP", "SW Pacific"
1998, 2, 28, 9, 0, 712, 6993.38, 140.836, -16.8008, 22.75, 289568, 4, 66.7861, 94548.3, 1, "SWP", "SW Pacific"
1998, 3, 11, 21, 0, 713, 7004.88, 95.1238, -12.0064, 11.875, 218913, 4, 62.792, 94013, 0, "SI", "S Indian"
1998, 4, 8, 15, 0, 714, 7032.62, 171.635, -15.3272, 5.125, 95633.8, 1, 32.9075, 99320.2, 1, "SWP", "SW Pacific"
1998, 5, 7, 6, 0, 715, 7061.25, 111.795, -16.2689, 4, 99923.8, 1, 36.3388, 98337.7, 0, "SI", "S Indian"
1998, 5, 19, 21, 0, 716, 7073.88, 59.6982, 16.5641, 13.125, 205422, 4, 68.5844, 93078, 3, "NI", "N Indian"
1998, 6, 4, 18, 0, 717, 7089.75, 257.995, 14.9577, 10.875, 181148, 1, 36.2217, 98141.9, 5, "NEP", "NE Pacific"
1998, 7, 7, 0, 0, 718, 7122, 196.552, 9.01674, 20.125, 440211, 1, 42.1524, 98450.5, 5, "NEP", "NE Pacific"
1998, 7, 7, 15, 0, 719, 7122.62, 320.063, 11.5923, 9.75, 299778, 1, 41.1005, 98394.8, 4, "NA", "N Atlantic"
1998, 7, 11, 6, 0, 720, 7126.25, 244.682, 14.2148, 3, 28952.9, 0, 27.0895, 99533.7, 5, "NEP", "NE Pacific"
1998, 7, 21, 9, 0, 721, 7136.38, 91.7994, -7.4512, 7.75, 107527, 0, 28.4914, 99062.1, 0, "SI", "S Indian"
1998, 7, 23, 18, 0, 722, 7138.75, 150.26, 27.6906, 12.5, 219021, 3, 56.0513, 96786.1, 2, "NWP", "NW Pacific"
1998, 7, 24, 0, 0, 723, 7139, 242.412, 12.3765, 22.5, 552013, 2, 48.3473, 97589.4, 5, "NEP", "NE Pacific"
1998, 7, 26, 3, 0, 724, 7141.12, 265.144, 11.8916, 9.375, 246881, 1, 33.0653, 99069.7, 5, "NEP", "NE Pacific"
1998, 7, 28, 18, 0, 725, 7143.75, 120.758, 27.492, 4.125, 89411.5, 0, 30.7137, 98544.2, 2, "NWP", "NW Pacific"
1998, 7, 30, 3, 0, 726, 7145.12, 258.938, 6.72083, 8.125, 186236, 0, 29.6721, 99334.5, 5, "NEP", "NE Pacific"
1998, 7, 31, 9, 0, 727, 7146.38, 187.089, 9.33647, 17.625, 434335, 3, 53.2737, 97529.2, 5, "NEP", "NE Pacific"
1998, 8, 3, 6, 0, 728, 7149.25, 293.493, 13.7151, 7.5, 198006, 3, 51.9818, 96667.1, 4, "NA", "N Atlantic"
1998, 8, 6, 0, 0, 729, 7152, 123.663, 32.2783, 13, 170208, 4, 65.0393, 93164.8, 2, "NWP", "NW Pacific"
1998, 8, 7, 6, 0, 730, 7153.25, 225.37, 8.62157, 25.75, 475361, 3, 53.8223, 95997.9, 5, "NEP", "NE Pacific"
1998, 8, 9, 12, 0, 731, 7155.5, 264.25, 7.66588, 12.25, 205649, 2, 48.6494, 97153.4, 5, "NEP", "NE Pacific"
1998, 8, 11, 9, 0, 732, 7157.38, 250.29, 10.9155, 33.5, 703554, 2, 47.4255, 96729.2, 5, "NEP", "NE Pacific"
1998, 8, 21, 3, 0, 733, 7167.12, 73.4876, -3.33679, 3.125, 66771.3, 0, 28.0057, 99589.6, 0, "SI", "S Indian"
1998, 8, 22, 12, 0, 734, 7168.5, 281.446, 15.4526, 4.625, 108195, 1, 40.1898, 97514, 4, "NA", "N Atlantic"
1998, 8, 24, 15, 0, 735, 7170.62, 236.047, 14.5769, 5.375, 85099.7, 0, 31.826, 98516.5, 5, "NEP", "NE Pacific"
1998, 8, 29, 6, 0, 736, 7175.25, 127.157, 20.3247, 7.5, 140987, 1, 35.6291, 98045.1, 2, "NWP", "NW Pacific"
1998, 8, 31, 15, 0, 737, 7177.62, 205.705, 9.12039, 16.5, 177701, 0, 26.205, 99905.5, 5, "NEP", "NE Pacific"
1998, 9, 1, 15, 0, 738, 7178.62, 75.4504, -7.90678, 6.625, 111016, 0, 25.0854, 100116, 0, "SI", "S Indian"
1998, 9, 2, 12, 0, 739, 7179.5, 257.764, 14.8828, 9, 154156, 1, 40.6482, 96694.6, 5, "NEP", "NE Pacific"
1998, 9, 8, 6, 0, 740, 7185.25, 280.283, 13.9035, 4.75, 67952, 0, 28.3255, 99160.6, 4, "NA", "N Atlantic"
1998, 9, 13, 3, 0, 741, 7190.12, 270.472, 23.0689, 6.5, 121851, 4, 60.2513, 94365.9, 4, "NA", "N Atlantic"
1998, 9, 13, 12, 0, 742, 7190.5, 133.022, 16.0921, 10.125, 146196, 4, 66.888, 91841.6, 2, "NWP", "NW Pacific"
1998, 9, 17, 6, 0, 743, 7194.25, 61.7271, -8.16159, 5.5, 93938, 1, 34.124, 99299, 0, "SI", "S Indian"
1998, 9, 19, 3, 0, 744, 7196.12, 287.35, 35.7071, 7.875, 155846, 0, 24.6054, 99910.2, 4, "NA", "N Atlantic"
1998, 9, 22, 3, 0, 745, 7199.12, 91.2086, -6.59988, 5.375, 105621, 1, 36.3329, 98872.8, 0, "SI", "S Indian"
1998, 9, 23, 0, 0, 746, 7200, 343.786, 15.5053, 16, 315844, 1, 35.0191, 98005.7, 4, "NA", "N Atlantic"
1998, 9, 23, 6, 0, 747, 7200.25, 280.848, 9.55677, 4, 111350, 0, 29.4929, 99375.2, 4, "NA", "N Atlantic"
1998, 10, 3, 0, 0, 748, 7210, 65.9375, -5.04563, 6.25, 113412, 0, 29.5692, 99906.9, 0, "SI", "S Indian"
1998, 10, 5, 21, 0, 749, 7212.88, 253.995, 16.9906, 6.875, 110482, 3, 50.869, 95754.2, 5, "NEP", "NE Pacific"
1998, 10, 6, 3, 0, 750, 7213.12, 292.348, 33.0973, 9.375, 124847, 3, 51.8419, 95044.9, 4, "NA", "N Atlantic"
1998, 10, 7, 9, 0, 751, 7214.38, 344.497, 12.3888, 12.625, 194713, 1, 41.0171, 97618.8, 4, "NA", "N Atlantic"
1998, 10, 7, 12, 0, 752, 7214.5, 191.856, 9.7845, 10.25, 224869, 0, 24.6749, 100087, 5, "NEP", "NE Pacific"
1998, 10, 7, 12, 0, 753, 7214.5, 181.208, 18.7883, 7.125, 186830, 0, 27.6388, 99816.9, 5, "NEP", "NE Pacific"
1998, 10, 10, 3, 0, 754, 7217.12, 91.911, -4.56762, 12.5, 224239, 1, 34.7511, 98490.4, 0, "SI", "S Indian"
1998, 10, 11, 15, 0, 755, 7218.62, 261.604, 16.2239, 15.5, 159208, 2, 43.8473, 97245, 5, "NEP", "NE Pacific"
1998, 10, 14, 12, 0, 756, 7221.5, 346.562, 8.09648, 17.75, 347650, 0, 31.2794, 99377.4, 4, "NA", "N Atlantic"
1998, 10, 16, 18, 0, 757, 7223.75, 267.162, 8.76746, 15.25, 175914, 2, 46.2001, 96438.3, 5, "NEP", "NE Pacific"
1998, 10, 27, 6, 0, 758, 7234.25, 262.549, 9.5147, 6.375, 101453, 1, 39.3858, 98288.9, 5, "NEP", "NE Pacific"
1998, 10, 27, 9, 0, 759, 7234.38, 152.186, 27.5487, 7.25, 148455, 1, 41.5088, 97583.7, 2, "NWP", "NW Pacific"
1998, 11, 2, 21, 0, 760, 7240.88, 54.2166, -4.64311, 7.75, 128361, 0, 30.1751, 99991.6, 0, "SI", "S Indian"
1998, 11, 3, 21, 0, 761, 7241.88, 148.803, -10.8191, 7.75, 103593, 0, 27.5317, 99557.7, 1, "SWP", "SW Pacific"
1998, 11, 7, 0, 0, 762, 7245, 270.812, 9.35605, 10.875, 225683, 1, 39.4299, 98510.2, 5, "NEP", "NE Pacific"
1998, 11, 9, 9, 0, 763, 7247.38, 124.441, 7.33936, 4.5, 87100.1, 4, 63.0081, 94459, 2, "NWP", "NW Pacific"
1998, 11, 9, 18, 0, 764, 7247.75, 251.521, 9.40246, 10.5, 253757, 0, 29.9508, 99961.8, 5, "NEP", "NE Pacific"
1998, 11, 14, 21, 0, 765, 7252.88, 261.539, 10.3634, 9.75, 126076, 1, 40.7478, 98021.3, 5, "NEP", "NE Pacific"
1998, 11, 16, 15, 0, 766, 7254.62, 124.43, -16.5462, 5.875, 72225, 1, 39.6917, 97842.7, 0, "SI", "S Indian"
1998, 11, 23, 9, 0, 767, 7261.38, 271.959, 7.83597, 14.625, 180135, 1, 36.5968, 98185.1, 5, "NEP", "NE Pacific"
1998, 12, 5, 21, 0, 768, 7273.88, 261.288, 8.69579, 7, 237564, 0, 27.5895, 100147, 5, "NEP", "NE Pacific"
1998, 12, 7, 9, 0, 769, 7275.38, 93.3597, -8.36921, 17.5, 284745, 1, 32.5279, 98851, 0, "SI", "S Indian"
1998, 12, 18, 21, 0, 770, 7286.88, 93.7367, -12.1575, 19.625, 242206, 0, 27.4796, 99694.8, 0, "SI", "S Indian"
1998, 12, 18, 21, 0, 771, 7286.88, 65.7862, -9.9341, 9.125, 108996, 0, 28.6556, 99145.5, 0, "SI", "S Indian"
1998, 12, 23, 15, 0, 772, 7291.62, 35.072, -19.2823, 6.125, 104284, 1, 36.2713, 97946.2, 0, "SI", "S Indian"
1998, 12, 24, 12, 0, 773, 7292.5, 79.0348, -8.2719, 18.625, 360456, 2, 43.8182, 98020.1, 0, "SI", "S Indian"
1998, 12, 28, 15, 0, 774, 7296.62, 192.828, -10.579, 6.25, 115545, 0, 28.4369, 99547.5, 1, "SWP", "SW Pacific"
1998, 12, 29, 9, 0, 775, 7297.38, 282.011, 6.49698, 7.875, 80273.5, 0, 25.6215, 99912.6, 5, "NEP", "NE Pacific"
1999, 1, 7, 21, 0, 776, 7306.88, 122.949, -13.881, 7.25, 136580, 4, 60.1311, 94060.5, 0, "SI", "S Indian"
1999, 1, 10, 6, 0, 777, 7309.25, 85.569, -11.4543, 18.75, 303042, 3, 55.1961, 95521.9, 0, "SI", "S Indian"
1999, 1, 10, 18, 0, 778, 7309.75, 64.6844, -6.71288, 23.125, 418902, 4, 60.482, 94018, 0, "SI", "S Indian"
1999, 1, 15, 21, 0, 779, 7314.88, 324.913, 26.3837, 6, 209532, 0, 31.3258, 99683.9, 4, "NA", "N Atlantic"
1999, 1, 18, 15, 0, 780, 7317.62, 267.199, 4.47874, 3.75, 66072, 0, 22.1425, 100288, 5, "NEP", "NE Pacific"
1999, 1, 26, 18, 0, 781, 7325.75, 164.08, 15.0507, 9.25, 245816, 0, 28.6853, 99063.6, 2, "NWP", "NW Pacific"
1999, 2, 17, 6, 0, 782, 7347.25, 120.749, -17.6037, 5.75, 183332, 2, 43.2582, 96461.8, 0, "SI", "S Indian"
1999, 2, 18, 15, 0, 783, 7348.62, 59.5938, -10.5444, 10.875, 216305, 3, 50.9508, 94548.6, 0, "SI", "S Indian"
1999, 2, 27, 0, 0, 784, 7357, 56.6571, -16.0213, 6.5, 193275, 4, 68.4862, 91366, 0, "SI", "S Indian"
1999, 3, 13, 3, 0, 785, 7371.12, 168.249, -14.8529, 12.5, 183299, 5, 72.8818, 92468.1, 1, "SWP", "SW Pacific"
1999, 3, 17, 6, 0, 786, 7375.25, 82.9895, 6.25723, 6.875, 128128, 2, 46.3736, 96817.4, 3, "NI", "N Indian"
1999, 3, 25, 9, 0, 787, 7383.38, 122.114, -14.1338, 12.125, 166946, 1, 33.9889, 98741.6, 0, "SI", "S Indian"
1999, 4, 8, 18, 0, 788, 7397.75, 213.184, -6.88294, 12.875, 185201, 0, 24.1875, 100016, 1, "SWP", "SW Pacific"
1999, 4, 11, 0, 0, 789, 7400, 320.666, -18.6964, 6, 184320, 2, 45.2274, 96895.1, 7, "SA", "S Atlantic"
1999, 5, 15, 3, 0, 790, 7434.12, 151.539, 22.9524, 7.625, 123916, 0, 26.8338, 99757.9, 2, "NWP", "NW Pacific"
1999, 5, 19, 0, 0, 791, 7438, 234.667, 9.96807, 18.125, 430254, 0, 28.6609, 99595, 5, "NEP", "NE Pacific"
1999, 5, 23, 12, 0, 792, 7442.5, 260.636, 10.24, 13.375, 140623, 2, 43.7096, 97049.7, 5, "NEP", "NE Pacific"
1999, 5, 30, 15, 0, 793, 7449.62, 260.549, 14.4212, 3.125, 55881.5, 0, 30.8847, 99457.3, 5, "NEP", "NE Pacific"
1999, 6, 5, 15, 0, 794, 7455.62, 59.3976, 18.9021, 10.5, 161223, 3, 56.533, 93769.4, 3, "NI", "N Indian"
1999, 6, 6, 9, 0, 795, 7456.38, 254.653, 13.5704, 5.5, 91100.6, 1, 33.963, 98412.5, 5, "NEP", "NE Pacific"
1999, 6, 13, 12, 0, 796, 7463.5, 173.325, -11.2334, 7.375, 119204, 0, 29.294, 99712.9, 1, "SWP", "SW Pacific"
1999, 6, 17, 3, 0, 797, 7467.12, 266.392, 9.02056, 8.375, 160530, 1, 39.8772, 97839.3, 5, "NEP", "NE Pacific"
1999, 6, 27, 21, 0, 798, 7477.88, 261.349, 12.5417, 4.5, 80420.4, 0, 30.302, 99468.1, 5, "NEP", "NE Pacific"
1999, 7, 13, 9, 0, 799, 7493.38, 257.162, 13.0401, 5, 153286, 0, 22.8741, 100302, 5, "NEP", "NE Pacific"
1999, 7, 19, 15, 0, 800, 7499.62, 260.336, 9.52796, 20.75, 533139, 2, 46.691, 96482.5, 5, "NEP", "NE Pacific"
1999, 7, 19, 18, 0, 801, 7499.75, 242.11, 10.5875, 11, 303417, 0, 28.9404, 99574.8, 5, "NEP", "NE Pacific"
1999, 7, 22, 6, 0, 802, 7502.25, 273.027, 8.75495, 5.125, 117385, 0, 29.1656, 100059, 5, "NEP", "NE Pacific"
1999, 7, 24, 3, 0, 803, 7504.12, 165.981, 18.5466, 15.75, 344499, 2, 47.8343, 96024.1, 2, "NWP", "NW Pacific"
1999, 7, 24, 9, 0, 804, 7504.38, 74.0947, -7.77388, 9.125, 176089, 0, 27.9846, 99877.4, 0, "SI", "S Indian"
1999, 8, 2, 3, 0, 805, 7513.12, 159.958, 23.7905, 4.375, 149246, 1, 34.5194, 99456.8, 2, "NWP", "NW Pacific"
1999, 8, 2, 6, 0, 806, 7513.25, 69.3385, -4.10967, 7.625, 122258, 0, 31.9274, 99834.7, 0, "SI", "S Indian"
1999, 8, 2, 18, 0, 807, 7513.75, 293.791, 13.4435, 6, 137948, 3, 49.6259, 97037.9, 4, "NA", "N Atlantic"
1999, 8, 4, 21, 0, 808, 7515.88, 264.202, 12.8523, 9.5, 172133, 2, 43.1439, 97511.3, 5, "NEP", "NE Pacific"
1999, 8, 5, 3, 0, 809, 7516.12, 232.429, 12.2831, 7.25, 122078, 0, 26.0565, 99867.9, 5, "NEP", "NE Pacific"
1999, 8, 10, 15, 0, 810, 7521.62, 214.098, 11.113, 2.375, 48016.1, 0, 26.6721, 99804.2, 5, "NEP", "NE Pacific"
1999, 8, 11, 6, 0, 811, 7522.25, 188.192, 9.44677, 17.625, 343105, 4, 60.9509, 94759.6, 5, "NEP", "NE Pacific"
1999, 8, 12, 12, 0, 812, 7523.5, 254.482, 15.8336, 7.875, 128962, 1, 36.4491, 97734.7, 5, "NEP", "NE Pacific"
1999, 8, 13, 21, 0, 813, 7524.88, 72.5613, -5.93428, 5.75, 58133.5, 0, 31.2404, 99719.9, 0, "SI", "S Indian"
1999, 8, 15, 3, 0, 814, 7526.12, 207.496, 11.6302, 27.25, 618118, 4, 68.0856, 92816.1, 5, "NEP", "NE Pacific"
1999, 8, 17, 15, 0, 815, 7528.62, 260.193, 10.7611, 8.875, 157047, 2, 45.9192, 97149.8, 5, "NEP", "NE Pacific"
1999, 8, 19, 12, 0, 816, 7530.5, 128.688, 28.2799, 5.625, 89537.2, 0, 26.4019, 98467.2, 2, "NWP", "NW Pacific"
1999, 8, 22, 0, 0, 817, 7533, 280.616, 24.9724, 7.5, 116146, 4, 65.1636, 94969.7, 4, "NA", "N Atlantic"
1999, 8, 25, 9, 0, 818, 7536.38, 92.1126, -6.99233, 7.375, 248099, 0, 27.9994, 100143, 0, "SI", "S Indian"
1999, 8, 28, 15, 0, 819, 7539.62, 291.638, 24.0585, 9.125, 335186, 0, 30.7988, 98340.7, 4, "NA", "N Atlantic"
1999, 9, 1, 3, 0, 820, 7543.12, 354.363, 12.3534, 10.375, 335129, 4, 60.7747, 93613.4, 4, "NA", "N Atlantic"
1999, 9, 6, 6, 0, 821, 7548.25, 139.155, 22.8607, 5.125, 117586, 0, 31.254, 98871.8, 2, "NWP", "NW Pacific"
1999, 9, 9, 21, 0, 822, 7551.88, 133.054, 30.4833, 9.625, 259112, 4, 59.4651, 95227.2, 2, "NWP", "NW Pacific"
1999, 9, 16, 15, 0, 823, 7558.62, 81.3249, -8.62855, 8.25, 192210, 1, 34.1412, 99008.3, 0, "SI", "S Indian"
1999, 9, 16, 18, 0, 824, 7558.75, 148.798, 19.6749, 10, 304344, 3, 54.3749, 95059.9, 2, "NWP", "NW Pacific"
1999, 9, 27, 18, 0, 825, 7569.75, 191.693, 10.8627, 17.625, 339983, 2, 48.9332, 96125.1, 5, "NEP", "NE Pacific"
1999, 9, 29, 21, 0, 826, 7571.88, 56.1372, -6.75994, 5.375, 109572, 0, 26.758, 99986.1, 0, "SI", "S Indian"
1999, 10, 8, 3, 0, 827, 7580.12, 342.732, 14.9676, 11.5, 298619, 4, 62.8955, 92997.5, 4, "NA", "N Atlantic"
1999, 10, 9, 15, 0, 828, 7581.62, 178.64, 9.99576, 14.875, 231838, 0, 24.2601, 99690.8, 2, "NWP", "NW Pacific"
1999, 10, 11, 6, 0, 829, 7583.25, 254.719, 13.195, 8.375, 142276, 1, 41.1613, 97136, 5, "NEP", "NE Pacific"
1999, 10, 11, 15, 0, 830, 7583.62, 133.419, 20.7188, 16, 197365, 4, 67.9438, 91781.2, 2, "NWP", "NW Pacific"
1999, 10, 12, 15, 0, 831, 7584.62, 82.1689, -7.55184, 13.25, 238284, 1, 35.4555, 98958.1, 0, "SI", "S Indian"
1999, 10, 28, 0, 0, 832, 7600, 337.45, 8.13212, 16.25, 434711, 5, 70.0801, 93756.4, 4, "NA", "N Atlantic"
1999, 10, 31, 6, 0, 833, 7603.25, 261.802, 6.62254, 7.125, 105949, 0, 22.7326, 100172, 5, "NEP", "NE Pacific"
1999, 11, 11, 3, 0, 834, 7614.12, 160.058, 8.57653, 8.875, 239538, 1, 36.8196, 98471.5, 2, "NWP", "NW Pacific"
1999, 11, 13, 15, 0, 835, 7616.62, 282.16, 8.63732, 4.125, 79861.6, 0, 25.0893, 100079, 4, "NA", "N Atlantic"
1999, 11, 16, 12, 0, 836, 7619.5, 245.755, 7.94894, 2.75, 62159.8, 0, 24.0951, 100113, 5, "NEP", "NE Pacific"
1999, 11, 20, 9, 0, 837, 7623.38, 269.821, 10.2133, 15.75, 169272, 3, 56.271, 95609.1, 5, "NEP", "NE Pacific"
1999, 11, 25, 9, 0, 838, 7628.38, 328.057, 28.7461, 9.125, 264661, 1, 36.3802, 98760.5, 4, "NA", "N Atlantic"
1999, 12, 4, 21, 0, 839, 7637.88, 295.003, 37.4022, 10.875, 209776, 1, 39.1213, 96638.5, 4, "NA", "N Atlantic"
1999, 12, 7, 6, 0, 840, 7640.25, 61.2183, -12.9719, 12.25, 215041, 0, 31.7963, 98740.1, 0, "SI", "S Indian"
1999, 12, 12, 0, 0, 841, 7645, 260.539, 7.68677, 5.75, 174480, 0, 25.4357, 99945.9, 5, "NEP", "NE Pacific"
1999, 12, 21, 0, 0, 842, 7654, 260.991, 7.19254, 3.375, 62625, 0, 26.5484, 99919.6, 5, "NEP", "NE Pacific"
1999, 12, 22, 21, 0, 843, 7655.88, 164.224, -3.42873, 8.875, 259807, 0, 31.7774, 98245.9, 1, "SWP", "SW Pacific"
